facility_id,name,city,state,county,lat,lon,field_office,cbsa_name,cbsa_type,days_midnight,avg_midnight_pop,max_midnight_pop
IWAHOLD,AZ Removal Operation Coord Center (Arocc),Mesa,AZ,Maricopa,33.30339444,-111.6627399,Phoenix,"Phoenix-Mesa-Chandler, AZ",Metro,304.0,60.1,499.0
ABRXSPA,Abraxas Academy,Morgantown,PA,Berks,40.19181355,-75.91580532,Philadelphia,"Reading, PA",Metro,43.0,0.6,5.0
ADAMSMS,Adams County Correctional Center,Natchez,MS,Adams,31.55764769,-91.22127871,New Orleans,"Natchez, MS-LA",Micro,365.0,2158.8,2563.0
ADDCOVT,Addison County Jail,Middlebury,VT,Addison,44.01144984,-73.16365678,Boston,,Rural,0.0,0.0,0.0
ADLNTCA,Adelanto ICE Processing Center,Adelanto,CA,San Bernardino,34.55993666,-117.4388741,Los Angeles,"Riverside-San Bernardino-Ontario, CA",Metro,365.0,1337.9,1932.0
ADVHBCA,Adventist Health Bakersfield,Bakersfield,CA,Kern,35.38320895,-119.0205378,San Francisco,"Bakersfield-Delano, CA",Metro,4.0,0.0,1.0
ADVHCHI,Adventist Health Castle,Kailua,HI,Honolulu,21.38062035,-157.7576827,San Francisco,"Urban Honolulu, HI",Metro,0.0,0.0,0.0
ADVHDCA,Adventist Health Delano,Delano,CA,Kern,35.76232272,-119.2389025,San Francisco,"Bakersfield-Delano, CA",Metro,0.0,0.0,0.0
AGC,Aguadilla Service Processing Center,Aguadilla,PR,Aguadilla,18.49562533,-67.14344217,Miami,"Aguadilla, PR",Metro,80.0,3.2,55.0
ALAMCNC,Alamance County Detention Center,Graham,NC,Alamance,36.06825389,-79.40362386,Atlanta,"Burlington, NC",Metro,249.0,17.4,49.0
ALAMOTX,Alamo Police Department,Alamo,TX,Hidalgo,26.18684613,-98.11078218,Harlingen,"McAllen-Edinburg-Mission, TX",Metro,2.0,0.0,14.0
ALMHOLD,Alamosa Hold Room,Alamosa,CO,Alamosa,37.45111503,-105.8659922,Denver,"Alamosa, CO",Micro,7.0,0.0,2.0
ALEXAVA,Alexandria City Jail,Alexandria,VA,Alexandria,38.79792346,-77.06462629,Washington,"Washington-Arlington-Alexandria, DC-VA-MD-WV",Metro,14.0,0.0,1.0
JENATLA,Alexandria Staging Facility,Alexandria,LA,Rapides,31.3175636,-92.53649027,New Orleans,"Alexandria, LA",Metro,365.0,377.4,631.0
ALLEGNY,Allegany County Jail,Belmont,NY,Allegany,42.2125682,-78.01703328,Buffalo,,Rural,355.0,7.9,21.0
ALLEGVA,Alleghany County Jail,Covington,VA,Covington,37.7927241,-79.99578035,Washington,,Rural,1.0,0.0,1.0
APPSCLA,Allen Parish Public Safety Complex,Oberlin,LA,Allen,30.62356505,-92.78271897,New Orleans,,Rural,365.0,152.4,192.0
AHGRFND,Altru Hospital Grand Forks,Grand Forks,ND,Grand Forks,47.91064662,-97.06872998,St Paul,"Grand Forks, ND-MN",Metro,5.0,0.0,1.0
APIBHCA,Alvarado Parkway Institute,La Mesa,CA,San Diego,32.77458776,-117.0441556,San Diego,"San Diego-Chula Vista-Carlsbad, CA",Metro,166.0,1.7,5.0
AMHERVA,Amherst County Jail,Madison Heights,VA,Amherst,37.40853902,-79.09350065,Washington,"Lynchburg, VA",Metro,6.0,0.0,1.0
AGMDCCA,Anaheim Global Medical Center,Anaheim,CA,Orange,33.81984189,-117.9092551,Los Angeles,"Los Angeles-Long Beach-Anaheim, CA",Metro,84.0,0.5,3.0
ANCHOAK,Anchorage Correctional Complex,Anchorage,AK,Anchorage,61.21848468,-149.8568744,Seattle,"Anchorage, AK",Metro,273.0,3.9,43.0
ANCHOLD,Anchorage Sub-Office Hold Room,Anchorage,AK,Anchorage,61.21236695,-149.8722869,Seattle,"Anchorage, AK",Metro,1.0,0.0,3.0
ANSGHTX,Anson General Hospital,Anson,TX,Jones,32.76791074,-99.89514243,Dallas,"Abilene, TX",Metro,0.0,0.0,0.0
AKANVIL,"Anvil Mountain Correctional Institution, Nome",Nome,AK,Nome,64.5376119,-165.4121958,Seattle,,Rural,3.0,0.0,1.0
ARAPACO,Arapahoe County Jail,Centennial,CO,Arapahoe,39.58144095,-104.8326118,Denver,"Denver-Aurora-Centennial, CO",Metro,0.0,0.0,0.0
AZSVCPC,Arizona State Prison - Yuma,San Luis,AZ,Yuma,32.50243458,-114.6465752,Phoenix,"Yuma, AZ",Metro,0.0,0.0,0.0
ARRMCCA,Arrowhead Regional Medical Center,Colton,CA,San Bernardino,34.07398698,-117.351356,Los Angeles,"Riverside-San Bernardino-Ontario, CA",Metro,28.0,0.1,2.0
AFRC,Artesia Family Residential Center,Artesia,NM,Eddy,32.85731048,-104.4129082,El Paso,"Carlsbad-Artesia, NM",Micro,0.0,0.0,0.0
ATLHOLD,Atlanta District Hold Room,Atlanta,GA,Fulton,33.74958147,-84.39736522,Atlanta,"Atlanta-Sandy Springs-Roswell, GA",Metro,363.0,40.3,100.0
ATLANGA,Atlanta Pretrial Detention Center,Atlanta,GA,Fulton,33.74728512,-84.39542925,Atlanta,"Atlanta-Sandy Springs-Roswell, GA",Metro,1.0,0.0,1.0
BIINCCO,"BI Incororated, Geo Group Company",Aurora,CO,Adams,39.76087267,-104.8491804,Denver,"Denver-Aurora-Centennial, CO",Metro,3.0,0.0,1.0
ABIRJVA,BRRJ Abingdon,Abingdon,VA,Washington,36.73258655,-81.91168152,Washington,"Kingsport-Bristol, TN-VA",Metro,31.0,0.9,47.0
HLFRJVA,BRRJ Halifax,Halifax,VA,Halifax,36.76491657,-78.92995941,Washington,,Rural,1.0,0.0,1.0
LYNRJVA,BRRJ Lynchburg,Lynchburg,VA,Lynchburg,37.41283622,-79.14506302,Washington,"Lynchburg, VA",Metro,29.0,0.1,5.0
FLBAKCI,Baker CI,Sanderson,FL,Baker,30.21764047,-82.36717399,Miami,"Jacksonville, FL",Metro,190.0,399.8,1006.0
BAKERFL,Baker County Detention Center,Macclenny,FL,Baker,30.29585011,-82.12157801,Miami,"Jacksonville, FL",Metro,365.0,268.0,314.0
BALDWAL,Baldwin County Correctional Center,Bay Minette,AL,Baldwin,30.88542951,-87.77481125,New Orleans,"Daphne-Fairhope-Foley, AL",Metro,166.0,8.0,47.0
BALHOLD,Baltimore Hold Room,Baltimore,MD,Baltimore,39.28809309,-76.61669655,Baltimore,"Baltimore-Columbia-Towson, MD",Metro,363.0,54.9,181.0
BIMDCAZ,Banner Ironwood Medical Center,Queen Creek,AZ,Pinal,33.21459325,-111.5655306,Phoenix,"Phoenix-Mesa-Chandler, AZ",Metro,20.0,0.1,1.0
BNMCTAZ,Banner Medical Center Tucson,Tucson,AZ,Pima,32.24189358,-110.9463954,Phoenix,"Tucson, AZ",Metro,55.0,0.3,1.0
BANHOAZ,Banner University Medical Phoenix,Phoenix,AZ,Maricopa,33.46461231,-112.0596058,Phoenix,"Phoenix-Mesa-Chandler, AZ",Metro,43.0,0.2,1.0
BMCSATX,Baptist Medical Center,San Antonio,TX,Bexar,29.4336342,-98.49266839,San Antonio,"San Antonio-New Braunfels, TX",Metro,2.0,0.0,1.0
BRLHOAK,Bartlett Regional Hospital,Juneau,AK,Juneau,58.32899842,-134.4646689,Seattle,"Juneau, AK",Micro,0.0,0.0,0.0
BARTOGA,Bartow County Jail,Cartersville,GA,Bartow,34.19115492,-84.77817847,Atlanta,"Atlanta-Sandy Springs-Roswell, GA",Metro,0.0,0.0,0.0
BAYCOFL,Bay County,Panama City,FL,Bay,30.22608007,-85.56210812,Miami,"Panama City-Panama City Beach, FL",Metro,0.0,0.0,0.0
BAYAMPR,Bayamon Hospital,Bayamon,PR,Bayamón,18.36788498,-66.15406202,Miami,"San Juan-Bayamón-Caguas, PR",Metro,3.0,0.0,1.0
BSTAYTX,Baylor Scott White MD Center,Taylor,TX,Williamson,30.59101955,-97.41537909,San Antonio,"Austin-Round Rock-San Marcos, TX",Metro,10.0,0.0,1.0
BEDCITX,Bedford City Jail,Bedford,TX,Tarrant,32.8421008,-97.13128261,Dallas,"Dallas-Fort Worth-Arlington, TX",Metro,365.0,1.0,1.0
BELCOTX,Bell County Jail,Belton,TX,Bell,31.03740252,-97.48836687,Houston,"Killeen-Temple, TX",Metro,97.0,0.5,6.0
BEHOSNY,"Bellevue Hospital, Manhattan",New York,NY,New York,40.73954825,-73.97633468,New York City,"New York-Newark-Jersey City, NY-NJ",Metro,0.0,0.0,0.0
BERNANM,Bernalillo County Detention Center,Albuquerque,NM,Bernalillo,35.08924662,-106.650944,El Paso,"Albuquerque, NM",Metro,0.0,0.0,0.0
BIDHPMA,Beth Israel Deaconess Hospital,Plymouth,MA,Plymouth,41.94299198,-70.64528011,Boston,"Boston-Cambridge-Newton, MA-NH",Metro,97.0,0.6,3.0
SPMHOLD,Bishop Henry Whipple Federal Building,Fort Snelling,MN,Hennepin,44.89410469,-93.19490987,St Paul,"Minneapolis-St. Paul-Bloomington, MN-WI",Metro,108.0,7.8,165.0
BLOJVTN,Blount County Juvenile Detention Center,Maryville,TN,Blount,35.75459515,-83.96930017,New Orleans,"Knoxville, TN",Metro,82.0,0.2,1.0
BLBNATX,Bluebonnet Detention Facility,Anson,TX,Jones,32.76764511,-99.88808411,Dallas,"Abilene, TX",Metro,365.0,1041.2,1200.0
BOONEKY,Boone County Jail,Burlington,KY,Boone,39.03647808,-84.72845962,Chicago,"Cincinnati, OH-KY-IN",Metro,365.0,194.0,221.0
BOSHOLD,Boston Hold Room,Burlington,MA,Middlesex,42.48263463,-71.20887224,Boston,"Boston-Cambridge-Newton, MA-NH",Metro,336.0,16.0,130.0
BPC,Boston Service Processing Center,Boston,MA,Suffolk,42.36782376,-71.0520908,Boston,"Boston-Cambridge-Newton, MA-NH",Metro,12.0,0.1,2.0
BOURBKY,Bourbon County Detention Center,Paris,KY,Bourbon,38.22415834,-84.24592753,Chicago,"Lexington-Fayette, KY",Metro,119.0,2.7,24.0
BRDFDFL,Bradford County Jail,Starke,FL,Bradford,29.95411301,-82.10957797,Miami,,Rural,0.0,0.0,0.0
BREVDFL,Brevard County Jail Complex,Cocoa,FL,Brevard,28.44815289,-80.78176892,Miami,"Palm Bay-Melbourne-Titusville, FL",Metro,190.0,1.0,8.0
BSAHOLD,Broadview Service Staging,Broadview,IL,Cook,41.86800572,-87.86604184,Chicago,"Chicago-Naperville-Elgin, IL-IN",Metro,276.0,26.1,218.0
BROHOMI,Bronson Methodist Hospital,Kalamazoo,MI,Kalamazoo,42.28462557,-85.58040992,Detroit,"Kalamazoo-Portage, MI",Metro,0.0,0.0,0.0
BROKSTX,Brooks County Detention Center,Falfurrias,TX,Brooks,27.24768503,-98.12648551,Harlingen,"Alice, TX",Micro,124.0,9.1,82.0
BROMMNY,Broome County Correctional Facility,Binghamton,NY,Broome,42.13245472,-75.91667444,Buffalo,"Binghamton, NY",Metro,326.0,30.0,56.0
BROJAFL,Broward County Jail,Fort Lauderdale,FL,Broward,26.11614231,-80.14209399,Miami,"Miami-Fort Lauderdale-West Palm Beach, FL",Metro,285.0,2.5,11.0
BRGMCFL,Broward General Medical Center,Fort Lauderdale,FL,Broward,26.10258902,-80.14083798,Miami,"Miami-Fort Lauderdale-West Palm Beach, FL",Metro,83.0,0.5,3.0
WCCPBFL,Broward Transitional Center,Pompano Beach,FL,Broward,26.27717618,-80.15089668,Miami,"Miami-Fort Lauderdale-West Palm Beach, FL",Metro,365.0,638.2,710.0
BROWNWI,Brown County Jail,Green Bay,WI,Brown,44.52205942,-87.93163593,Chicago,"Green Bay, WI",Metro,72.0,0.6,12.0
BRWNSTX,Brownsville Police Department,Brownsville,TX,Cameron,25.90787598,-97.49835599,Harlingen,"Brownsville-Harlingen, TX",Metro,0.0,0.0,0.0
BRYANGA,Bryan County Jail,Pembroke,GA,Bryan,32.134516,-81.618418,Atlanta,"Savannah, GA",Metro,0.0,0.0,0.0
BTV,Buffalo (Batavia) Service Processing Center,Batavia,NY,Genesee,43.0204479,-78.20212174,Buffalo,"Batavia, NY",Micro,365.0,707.8,909.0
BFLHPNY,Buffalo General Hospital,Buffalo,NY,Erie,42.90083971,-78.86576317,Buffalo,"Buffalo-Cheektowaga, NY",Metro,45.0,0.2,1.0
CBPHOLD,Buffalo USBP Hold Room,Cheektowaga,NY,Erie,42.93765609,-78.71391502,Buffalo,"Buffalo-Cheektowaga, NY",Metro,43.0,0.6,20.0
BURLEND,Burleigh County Detention Center,Bismarck,ND,Burleigh,46.79632959,-100.7263795,St Paul,"Bismarck, ND",Metro,301.0,13.0,53.0
BURNETX,Burnet County Jail,Burnet,TX,Burnet,30.74152144,-98.2530483,San Antonio,,Rural,1.0,0.0,4.0
BUTLEOH,Butler County Sheriff?s Office,Hamilton,OH,Butler,39.38790911,-84.55572745,Detroit,"Cincinnati, OH-KY-IN",Metro,365.0,316.2,438.0
CBPORIL,CBP O?Hare Airport Terminal 5 BC Ext,Chicago,IL,Cook,41.9747326,-87.89089245,Chicago,"Chicago-Naperville-Elgin, IL-IN",Metro,5.0,0.0,1.0
CCANOOH,CCA Northeast OH Corrections,Youngstown,OH,Mahoning,41.13134916,-80.63152281,Detroit,"Youngstown-Warren, OH",Metro,365.0,204.4,269.0
MPSIPAN,CNMI Department of Corrections,"Susupe, Saipan",MP,Saipan,15.1581786,145.7073558,San Francisco,,Rural,365.0,16.0,27.0
CBRRSNC,Cabarrus County Jail,Concord,NC,Cabarrus,35.40932859,-80.5779668,Atlanta,"Charlotte-Concord-Gastonia, NC-SC",Metro,69.0,0.3,6.0
CACHEUT,Cache County Jail,Logan,UT,Cache,41.73712224,-111.8657437,Salt Lake City,"Logan, UT-ID",Metro,61.0,0.6,12.0
CALHOMI,Calhoun County Correctional Center,Battle Creek,MI,Calhoun,42.31641023,-85.17578658,Detroit,"Battle Creek, MI",Metro,365.0,170.7,225.0
CACTYCA,California City Detention Facility,California City,CA,Kern,35.15290316,-117.8589979,San Francisco,"Bakersfield-Delano, CA",Metro,196.0,558.9,1820.0
CASPSAC,California State Prison-Sacramento,Represa,CA,Sacramento,38.7034219,-121.1604177,San Francisco,"Sacramento-Roseville-Folsom, CA",Metro,0.0,0.0,0.0
CAMBRPA,"Cambria County Jail, PA",Ebensburg,PA,Cambria,40.48440374,-78.70141182,Philadelphia,"Johnstown, PA",Metro,148.0,16.3,105.0
CAMERTX,Cameron County Jail,Olmito,TX,Cameron,25.90778902,-97.49519098,Harlingen,"Brownsville-Harlingen, TX",Metro,0.0,0.0,0.0
CPBDCKY,Campbell County Detention Center,Newport,KY,Campbell,39.08871276,-84.49675045,Chicago,"Cincinnati, OH-KY-IN",Metro,362.0,113.5,152.0
CAMCOWY,Campbell County Jail,Gillette,WY,Campbell,44.2772226,-105.512222,Denver,"Gillette, WY",Micro,50.0,0.2,7.0
CARDFVA,Caroline Detention Facility,Bowling Green,VA,Caroline,38.11157798,-77.26714497,Washington,,Rural,365.0,324.6,380.0
CARROMD,Carroll County Detention Center,Westminister,MD,Carroll,39.57217427,-76.98695782,Baltimore,"Baltimore-Columbia-Towson, MD",Metro,3.0,0.0,2.0
CGRMCAZ,Casa Grande Regional Medical Center,Casa Grande,AZ,Pinal,32.88130854,-111.7096158,Phoenix,"Phoenix-Mesa-Chandler, AZ",Metro,103.0,0.6,2.0
CASCAMT,"Cascade County Jail, MT",Great Falls,MT,Cascade,47.46905431,-111.3676879,Salt Lake City,"Great Falls, MT",Metro,241.0,2.2,15.0
CASSCND,Cass County Jail,Fargo,ND,Cass,46.86958851,-96.83313991,St Paul,"Fargo, ND-MN",Metro,5.0,0.0,1.0
CASSCNE,Cass County Jail,Plattsmouth,NE,Cass,41.01179494,-95.88295697,St Paul,"Omaha, NE-IA",Metro,303.0,14.1,29.0
CATAHLA,Catahoula Correctional Center,Harrisonburg,LA,Catahoula,31.77501001,-91.83695296,New Orleans,,Rural,3.0,0.0,1.0
CCHRTTX,Cedar Crest Hospital Treat,Belton,TX,Bell,31.0214428,-97.47648886,Houston,"Killeen-Temple, TX",Metro,1.0,0.0,2.0
CNTGRIL,Centegra Hospital,Woodstock,IL,McHenry,42.27548004,-88.40086099,Chicago,"Chicago-Naperville-Elgin, IL-IN",Metro,6.0,0.0,1.0
CENTRVA,Centra Health,Lynchburg,VA,Lynchburg,37.41365911,-79.16925554,Washington,"Lynchburg, VA",Metro,35.0,0.2,1.0
CSSCHVA,Centra Southside Community Hospital,Farmville,VA,Prince Edward,37.30296686,-78.40435374,Washington,,Rural,2.0,0.0,1.0
CCRMHMN,Centracare Rice Memorial Hospital,Willmar,MN,Kandiyohi,45.11990989,-95.04560459,St Paul,"Willmar, MN",Micro,20.0,0.1,1.0
CCAFLAZ,Central Arizona Florence Correctional Center,Florence,AZ,Pinal,33.0440833,-111.3717718,Phoenix,"Phoenix-Mesa-Chandler, AZ",Metro,365.0,512.8,697.0
JENADLA,Central Louisiana ICE Processing Center,Jena,LA,LaSalle,31.70820361,-92.15343938,New Orleans,,Rural,365.0,1160.1,1369.0
CVREGVA,Central VA Regional Jail,Orange,VA,Orange,38.22745369,-78.11670861,Washington,"Lake of the Woods, VA",Micro,27.0,0.1,2.0
CVANXCA,Central Valley Annex,Mcfarland,CA,Kern,35.66815665,-119.2289669,San Francisco,"Bakersfield-Delano, CA",Metro,50.0,0.1,1.0
CNTRHWA,Central Washington Hospital,Wenatchee,WA,Chelan,47.40723098,-120.3215965,Seattle,"Wenatchee-East Wenatchee, WA",Metro,0.0,0.0,0.0
CHANRAZ,Chandler Regional Medical Center,Chandler,AZ,Maricopa,33.29759274,-111.8747923,Phoenix,"Phoenix-Mesa-Chandler, AZ",Metro,5.0,0.0,1.0
CHARLSC,Charleston County Correct,North Charleston,SC,Charleston,32.84545105,-80.01354428,Atlanta,"Charleston-North Charleston, SC",Metro,1.0,0.0,1.0
CHRLTFL,Charlotte County Jail,Punta Gorda,FL,Charlotte,26.91495297,-82.00683319,Miami,"Punta Gorda, FL",Metro,11.0,0.2,12.0
CHASEKS,Chase County Jail,Cottonwood Falls,KS,Chase,38.367077,-96.53842901,Chicago,"Emporia, KS",Micro,365.0,112.1,147.0
CHTHMGA,Chatham County Jail,Savannah,GA,Chatham,32.06669031,-81.16763009,Atlanta,"Savannah, GA",Metro,6.0,0.0,3.0
CHAVENM,Chavez Detention Center,Roswell,NM,Chaves,33.35126736,-104.5055643,El Paso,"Roswell, NM",Micro,247.0,1.7,14.0
CHSPKVA,Chesapeake City Jail,Chesapeake,VA,Chesapeake,36.71921713,-76.24997269,Washington,"Virginia Beach-Chesapeake-Norfolk, VA-NC",Metro,104.0,0.7,23.0
CHFLDVA,Chesterfield County Jail,Chesterfield,VA,Chesterfield,37.37892798,-77.50784406,Washington,"Richmond, VA",Metro,0.0,0.0,0.0
MDLNDNE,Chi Health Midlands Hospital,Papillion,NE,Sarpy,41.13572389,-96.04030382,St Paul,"Omaha, NE-IA",Metro,1.0,0.0,1.0
CSLLFTX,Chi St. Luke?s HM Lufkin,Lufkin,TX,Angelina,31.33659801,-94.74156698,Houston,"Lufkin, TX",Micro,3.0,0.0,1.0
CHISLTX,Chi St. Luke?s Health Memorial,Livingston,TX,Polk,30.73109919,-94.93936652,Houston,,Rural,1.0,0.0,2.0
CHPHOVA,Chippenham Hospital - Richmond,Richmond,VA,Richmond,37.51445053,-77.52573356,Washington,"Richmond, VA",Metro,14.0,0.1,1.0
CHIPPMI,Chippewa County Correctional Facility,Sault Sainte Marie,MI,Chippewa,46.49743168,-84.34560789,Detroit,"Sault Ste. Marie, MI",Micro,365.0,37.9,49.0
VTCHTDN,Chittenden Regional Correctional Facility,South Burlington,VT,Chittenden,44.44639778,-73.20538039,Boston,"Burlington-South Burlington, VT",Metro,361.0,5.1,12.0
CHRISKY,Christian County Jail,Hopkinsville,KY,Christian,36.86780594,-87.49036804,Chicago,"Clarksville, TN-KY",Metro,168.0,45.9,137.0
CHSRHTX,Christus Santa Rosa Hospital - Medical,San Antonio,TX,Bexar,29.46614798,-98.69730904,San Antonio,"San Antonio-New Braunfels, TX",Metro,6.0,0.0,1.0
CIBOCNM,Cibola County Correctional Center,Milan,NM,Cibola,35.179948,-107.9073231,El Paso,,Rural,365.0,246.9,433.0
CIBOLNM,Cibola County Detention Center,Milan,NM,Cibola,35.179948,-107.9073231,El Paso,,Rural,5.0,0.0,7.0
CIBOGNM,Cibola General Hospital,Grants,NM,Cibola,35.16199028,-107.8271994,El Paso,,Rural,0.0,0.0,0.0
OKCIMMC,Cimarron Correctional Facility,Cushing,OK,Payne,35.94271099,-96.78172182,Dallas,"Stillwater, OK",Micro,365.0,412.2,634.0
CITRUFL,Citrus County Jail,Lecanto,FL,Citrus,28.84512779,-82.47693927,Miami,"Homosassa Springs, FL",Metro,1.0,0.0,1.0
CLARKIN,Clark County Jail,Jeffersonville,IN,Clark,38.27740338,-85.73700013,Chicago,"Louisville/Jefferson County, KY-IN",Metro,335.0,72.8,106.0
CLARKID,Clark County Jail (ID),Dubois,ID,Clark,44.1766347,-112.232917,Salt Lake City,,Rural,,,
CLARKIA,Clarke County Sheriff,Osceola,IA,Clarke,41.04467609,-93.76335286,St Paul,,Rural,,,
CLAYCIN,Clay County Jail,Brazil,IN,Clay,39.52372922,-87.11907555,Chicago,"Terre Haute, IN",Metro,365.0,249.2,339.0
CLINTPA,Clinton County Correctional Facility,Mcelhattan,PA,Clinton,41.15114278,-77.34937957,Philadelphia,"Lock Haven, PA",Micro,365.0,86.8,106.0
CLICONY,Clinton County Jail,Plattsburgh,NY,Clinton,44.7200284,-73.46672469,Buffalo,"Plattsburgh, NY",Micro,357.0,4.9,14.0
CLINTIN,Clinton County Sheriff?s Office,Frankfort,IN,Clinton,40.27934622,-86.50903267,Chicago,"Frankfort, IN",Micro,289.0,20.7,56.0
CBENDTX,Coastal Bend Detention Center,Robstown,TX,Nueces,27.73672232,-97.75480211,Harlingen,"Corpus Christi, TX",Metro,364.0,61.0,172.0
COBBJGA,Cobb County Sheriffs Office Adult Detention Center,Marietta,GA,Cobb,33.90856554,-84.57997695,Atlanta,"Atlanta-Sandy Springs-Roswell, GA",Metro,0.0,0.0,0.0
COCONAZ,Coconino County Detention Facility,Flagstaff,AZ,Coconino,35.18722484,-111.6411599,Phoenix,"Flagstaff, AZ",Metro,0.0,0.0,0.0
COLLIFL,Collier County Sheriff,Naples,FL,Collier,26.12969965,-81.76343194,Miami,"Naples-Marco Island, FL",Metro,365.0,30.5,75.0
CODCCSP,Colorado Department of Corrections,Colorado Springs,CO,El Paso,38.81475392,-104.7586109,Denver,"Colorado Springs, CO",Metro,169.0,0.8,1.0
COLCASC,Columbia Care Center,Columbia,SC,Richland,34.07857594,-80.97888153,Atlanta,"Columbia, SC",Metro,191.0,3.9,7.0
COLUMFL,Columbia County Jail,Lake City,FL,Columbia,30.22030783,-82.64355617,Miami,"Lake City, FL",Micro,0.0,0.0,0.0
CONHOTX,Connally Memorial Medical Center,Floresville,TX,Wilson,29.15866293,-98.17490198,San Antonio,"San Antonio-New Braunfels, TX",Metro,0.0,0.0,0.0
CCRMCCA,Contra Costa Regional Medical Center,Martinez,CA,Contra Costa,38.00656485,-122.1329147,San Francisco,"San Francisco-Oakland-Fremont, CA",Metro,0.0,0.0,0.0
AKCOOKI,"Cook Inlet Pretrial, Anchorage",Anchorage,AK,Anchorage,61.21861499,-149.8555073,Seattle,"Anchorage, AK",Metro,0.0,0.0,0.0
LRDICDF,Corecivic Laredo Processing Center,Laredo,TX,Webb,27.52925759,-99.44856712,Harlingen,"Laredo, TX",Metro,365.0,359.2,432.0
WEBDCTX,Corecivic Webb County Detention Center,Laredo,TX,Webb,27.36981816,-99.49028435,Harlingen,"Laredo, TX",Metro,365.0,435.3,550.0
BTSHOMI,Corewell Health Gr Hospital-Butterworth,Grand Rapids,MI,Kent,42.9701578,-85.66538389,Detroit,"Grand Rapids-Wyoming-Kentwood, MI",Metro,5.0,0.0,1.0
OHNORWE,Corrections Center of Northwest Ohio (CCNO),Stryker,OH,Williams,41.45886276,-84.35734202,Detroit,,Rural,365.0,71.3,107.0
CHMCINY,Courthouse Usm Cntl Islip,Central Islip,NY,Suffolk,40.75988623,-73.1914954,New York City,"New York-Newark-Jersey City, NY-NJ",Metro,0.0,0.0,0.0
COXMEMO,Coxhealth Medical Center South,Springfield,MO,Greene,37.14577927,-93.27913576,Chicago,"Springfield, MO",Metro,19.0,0.1,1.0
CROWGMN,Crow Wing County Jail,Brainerd,MN,Crow Wing,46.35660921,-94.20530053,St Paul,"Brainerd, MN",Micro,154.0,10.0,59.0
CRYCCTX,Crystal City Correctional Center,Crystal City,TX,Zavala,28.74688094,-99.84383177,San Antonio,,Rural,0.0,0.0,0.0
CULBETX,Culberson County Sheriff?s,Van Horn,TX,Culberson,31.04297641,-104.830544,El Paso,,Rural,4.0,0.0,1.0
CULPEVA,Culpeper County Adult Detention Center,Culpeper,VA,Culpeper,38.47401868,-77.99675084,Washington,"Washington-Arlington-Alexandria, DC-VA-MD-WV",Metro,3.0,0.0,1.0
CUMBEME,Cumberland County Jail,Portland,ME,Cumberland,43.65117004,-70.28184004,Boston,"Portland-South Portland, ME",Metro,318.0,52.0,79.0
CURRYNM,Curry County Detention Facility,Clovis,NM,Curry,34.40628552,-103.2062745,El Paso,"Clovis, NM",Micro,0.0,0.0,0.0
DSMCNTX,DSMC - Del Sol Medical Center,El Paso,TX,El Paso,31.75681802,-106.349896,El Paso,"El Paso, TX",Metro,139.0,1.1,5.0
FLDADCI,Dade Correctional Institution,Homestead,FL,Miami-Dade,25.41562701,-80.49991215,Miami,"Miami-Fort Lauderdale-West Palm Beach, FL",Metro,8.0,0.1,7.0
DAKOTNE,Dakota County Jail,Dakota City,NE,Dakota,42.41607108,-96.41979172,St Paul,"Sioux City, IA-NE-SD",Metro,365.0,31.3,67.0
HAILEID,Dale G Haile Detention Center,Caldwell,ID,Canyon,43.66575656,-116.6809993,Salt Lake City,"Boise City, ID",Metro,8.0,0.0,2.0
DALCOTX,Dallas County Jail - Lew Sterrett Justice Center,Dallas,TX,Dallas,32.77824886,-96.81810609,Dallas,"Dallas-Fort Worth-Arlington, TX",Metro,350.0,4.2,34.0
DAVIDTN,Davidson County Sheriff Department,Nashville,TN,Davidson,36.16785092,-86.77929975,New Orleans,"Nashville-Davidson--Murfreesboro--Franklin, TN",Metro,0.0,0.0,0.0
DVCSDKY,Daviess County Detention Center,Owensboro,KY,Daviess,37.78675411,-87.07085722,Chicago,"Owensboro, KY",Metro,155.0,14.6,78.0
DAVISUT,Davis County Jail,Farmington,UT,Davis,40.98053232,-111.9041646,Salt Lake City,"Ogden, UT",Metro,151.0,2.1,12.0
DEKALAL,Dekalb County Detention Center,Fort Payne,AL,DeKalb,34.41817885,-85.77299638,New Orleans,"Fort Payne, AL",Micro,0.0,0.0,0.0
DHDFNJ,Delaney Hall Detention Facility,Newark,NJ,Essex,40.71799741,-74.12833924,Newark,"New York-Newark-Jersey City, NY-NJ",Metro,314.0,635.0,1017.0
DENICDF,Denver Contract Detention Facility (Aurora),Aurora,CO,Adams,39.76087267,-104.8491804,Denver,"Denver-Aurora-Centennial, CO",Metro,365.0,1192.7,1446.0
DENVECO,Denver County Jail,Denver,CO,Denver,39.76797683,-104.8651715,Denver,"Denver-Aurora-Centennial, CO",Metro,1.0,0.0,1.0
DNHMCCO,Denver Health Medical Center,Denver,CO,Denver,39.72859471,-104.9910426,Denver,"Denver-Aurora-Centennial, CO",Metro,8.0,0.0,1.0
DENHOLD,Denver Hold Room,Centennial,CO,Arapahoe,39.60151617,-104.8449951,Denver,"Denver-Aurora-Centennial, CO",Metro,140.0,0.9,16.0
DEPCOGU,Department of Corrections,Mangilao,GU,Guam,13.44905254,144.7869185,San Francisco,,Rural,24.0,0.1,1.0
DSRTVCA,Desert Valley Hospital,Victorville,CA,San Bernardino,34.47233814,-117.2976951,Los Angeles,"Riverside-San Bernardino-Ontario, CA",Metro,57.0,0.3,2.0
CADESVI,Desert View Annex,Adelanto,CA,San Bernardino,34.55929649,-117.4367633,Los Angeles,"Riverside-San Bernardino-Ontario, CA",Metro,365.0,424.6,485.0
DVHSPNV,Desert View Hospital,Pahrump,NV,Nye,36.21454178,-116.024896,Salt Lake City,"Pahrump, NV",Micro,14.0,0.1,1.0
BOPDEV,Devens Federal Medical Center,Devens,MA,Worcester,42.52930037,-71.62304095,Boston,"Worcester, MA",Metro,0.0,0.0,0.0
OKDBACK,Diamondback Correctional Facility,Watonga,OK,Blaine,35.88435594,-98.39742583,Dallas,,Rural,69.0,104.7,720.0
TASTDTX,Dilley Immigration Processing Center,Dilley,TX,Frio,28.65783248,-99.20043079000001,San Antonio,,Rural,,,
DILLSAF,Dilley Processing Single Female,Dilley,TX,Frio,28.65845409,-99.20087844,San Antonio,,Rural,134.0,93.0,396.0
DODGEWI,Dodge Detention Facility,Juneau,WI,Dodge,43.40726386,-88.70645613,Chicago,"Beaver Dam, WI",Micro,365.0,100.5,127.0
DONAANM,Dona Ana County Detention Center,Las Cruces,NM,Doña Ana,32.30278652,-106.8058217,El Paso,"Las Cruces, NM",Metro,2.0,0.0,1.0
DORCDSC,Dorchester County Detention Center,Summerville,SC,Dorchester,33.05753131,-80.22068583,Atlanta,"Charleston-North Charleston, SC",Metro,160.0,1.4,9.0
DOUGLCO,Douglas County Detention Center,Castle Rock,CO,Douglas,39.40231655,-104.8640292,Denver,"Denver-Aurora-Centennial, CO",Metro,0.0,0.0,0.0
DOUGLWI,Douglas County Jail,Superior,WI,Douglas,46.72168099,-92.09838796,Chicago,"Duluth, MN-WI",Metro,290.0,16.3,41.0
DURHOLD,Durango Hold Room,Durango,CO,La Plata,37.2371465,-107.8742502,Denver,"Durango, CO",Micro,6.0,0.0,3.0
EPCPCTX,EGP CPC Holding,Eagle Pass,TX,Maverick,28.73532285,-100.4970642,San Antonio,"Eagle Pass, TX",Metro,1.0,0.0,2.0
EHDLGTX,East Hidalgo Detention Center,La Villa,TX,Hidalgo,26.29458408,-97.91891532,Harlingen,"McAllen-Edinburg-Mission, TX",Metro,347.0,9.0,149.0
WVEASTR,Eastern Regional Jail,Martinsburg,WV,Berkeley,39.43592522,-77.9563675,Philadelphia,"Hagerstown-Martinsburg, MD-WV",Metro,232.0,5.5,43.0
ECLECTX,Ector County LEC,Odessa,TX,Ector,31.82035687,-102.3584451,El Paso,"Odessa, TX",Metro,0.0,0.0,0.0
EDNDCTX,Eden Detention Center,Eden,TX,Concho,31.21636286,-99.8344809,Dallas,,Rural,365.0,314.1,698.0
EDNBGTX,Edinburg Police Department,Edinburg,TX,Hidalgo,26.28568427,-98.16455695,Harlingen,"McAllen-Edinburg-Mission, TX",Metro,1.0,0.0,1.0
ECRMCCA,El Centro Regional Medical Center,El Centro,CA,Imperial,32.78045379,-115.5685204,San Diego,"El Centro, CA",Metro,65.0,0.3,1.0
ECC,El Centro Service Processing Center,El Centro,CA,Imperial,32.80276824,-115.5696689,San Diego,"El Centro, CA",Metro,334.0,0.9,1.0
EPBHSTX,El Paso Behavioral Health System,El Paso,TX,El Paso,31.78063671,-106.4759787,El Paso,"El Paso, TX",Metro,219.0,5.9,18.0
EPCDFTX,El Paso County Detention Facility,El Paso,TX,El Paso,31.75845584,-106.4831359,El Paso,"El Paso, TX",Metro,63.0,0.2,5.0
ELPCOTX,El Paso County Jail (TX),El Paso,TX,El Paso,31.81069299,-106.254221,El Paso,"El Paso, TX",Metro,4.0,0.0,1.0
EPLTATX,El Paso LTAC Hospital,El Paso,TX,El Paso,31.7837106,-106.4741601,El Paso,"El Paso, TX",Metro,122.0,1.0,3.0
EPC,El Paso Service Processing Center,El Paso,TX,El Paso,31.79376201,-106.3692084,El Paso,"El Paso, TX",Metro,365.0,842.3,1060.0
EPCJUVI,El Paso Service Processing Center Juvenile,El Paso,TX,El Paso,31.79376201,-106.3692084,El Paso,"El Paso, TX",Metro,0.0,0.0,0.0
EPSSFTX,El Paso Soft Sided Facility,El Paso,TX,El Paso,31.97015456,-106.3720369,El Paso,"El Paso, TX",Metro,237.0,196.5,1381.0
ELVDFTX,El Valle Detention Facility,Raymondville,TX,Willacy,26.46728403,-97.76164364,Harlingen,"Raymondville, TX",Micro,365.0,860.8,1009.0
ELZICDF,Elizabeth Contract Detention Facility,Elizabeth,NJ,Union,40.66622291,-74.18880208,Newark,"New York-Newark-Jersey City, NY-NJ",Metro,365.0,295.7,407.0
ELMORID,Elmore County Detention Center (Elmore County Jail),Mountain Home,ID,Elmore,43.13685038,-115.6731791,Salt Lake City,"Mountain Home, ID",Micro,279.0,5.5,32.0
EAZ,Eloy Detention Center,Eloy,AZ,Pinal,32.81759501,-111.5223773,Phoenix,"Phoenix-Mesa-Chandler, AZ",Metro,365.0,1355.9,1531.0
EROFCB,Enforcement and Removal Operations El Paso Camp East Montana,El Paso,TX,El Paso,31.811927,-106.2981181,El Paso,"El Paso, TX",Metro,251.0,1355.6,3878.0
HHWHOLD,Enforcement and Removal Operations Honolulu Sub-Office Hold Room,Honolulu,HI,Honolulu,21.29993808,-157.8638846,San Francisco,"Urban Honolulu, HI",Metro,4.0,0.0,1.0
ENLMCCA,Enloe Medical Center,Chico,CA,Butte,39.74216367,-121.8498751,San Francisco,"Chico, CA",Metro,0.0,0.0,0.0
ERICOPA,"Erie County Jail, PA",Erie,PA,Erie,42.123738,-80.06654004,Philadelphia,"Erie, PA",Metro,362.0,18.8,45.0
ECMCBNY,Erie County Medical Center,Buffalo,NY,Erie,42.92694678,-78.83100577,Buffalo,"Buffalo-Cheektowaga, NY",Metro,31.0,0.2,2.0
ESKHLIN,Eskenazi Health,Indianapolis,IN,Marion,39.77822865,-86.18412848,Chicago,"Indianapolis-Carmel-Greenwood, IN",Metro,4.0,0.0,1.0
ESSEXNJ,Essex County Jail,Newark,NJ,Essex,40.72104059,-74.12687828,Newark,"New York-Newark-Jersey City, NY-NJ",Metro,9.0,0.0,1.0
ESSEXMA,"Essex County Jail, Middleton",Middleton,MA,Essex,42.59770873,-70.98647059,Boston,"Boston-Cambridge-Newton, MA-NH",Metro,1.0,0.0,1.0
ETOWAAL,Etowah County Jail (AL),Gadsden,AL,Etowah,34.01639458,-86.01248822,New Orleans,"Gadsden, AL",Metro,365.0,81.9,160.0
EUGHOLD,Eugene Hold Room,Eugene,OR,Lane,44.05267406,-123.0893703,Seattle,"Eugene-Springfield, OR",Metro,9.0,0.0,2.0
FCLT8CA,Facility 8 Detention Facility,San Diego,CA,San Diego,32.5919577,-116.9241024,San Diego,"San Diego-Chula Vista-Carlsbad, CA",Metro,0.0,0.0,0.0
AKFAIRB,Fairbanks Correctional Center,Fairbanks,AK,Fairbanks North Star,64.83352041,-147.7594745,Seattle,"Fairbanks-College, AK",Metro,4.0,0.0,1.0
FRMVLVA,Farmville Detention Center,Farmville,VA,Prince Edward,37.32057983,-78.44092758,Washington,,Rural,365.0,670.1,740.0
FAYETKY,Fayette County Detention Center,Lexington,KY,Fayette,38.06563162,-84.54514102,Chicago,"Lexington-Fayette, KY",Metro,265.0,1.9,9.0
BOPBER,"Federal Correctional Institution - Berlin, NH",Berlin,NH,Coos,44.52185389,-71.13753068,Boston,,Rural,365.0,216.2,338.0
BOPATL,Federal Correctional Institution Atlanta,Atlanta,GA,Fulton,33.71244414,-84.36793535,Atlanta,"Atlanta-Sandy Springs-Roswell, GA",Metro,365.0,122.8,273.0
BOPLVN,Federal Correctional Institution Leavenworth,Leavenworth,KS,Leavenworth,39.32984997,-94.93635042,Chicago,"Kansas City, MO-KS",Metro,365.0,62.1,92.0
BOPLEW,Federal Correctional Institution Lewisburg,Lewisburg,PA,Union,40.98668294,-76.91495825,Philadelphia,"Lewisburg, PA",Micro,48.0,20.9,193.0
BOPVIM,Federal Correctional Institution Victorville,Victorville,CA,San Bernardino,34.56928952,-117.3588767,Los Angeles,"Riverside-San Bernardino-Ontario, CA",Metro,0.0,0.0,0.0
BOPMIM,Federal Detention Center Miami,Miami,FL,Miami-Dade,25.77846074,-80.19313158,Miami,"Miami-Fort Lauderdale-West Palm Beach, FL",Metro,365.0,399.9,486.0
BOPPHL,Federal Detention Center Philadelphia,Philadelphia,PA,Philadelphia,39.95254135,-75.1520479,Philadelphia,"Philadelphia-Camden-Wilmington, PA-NJ-DE-MD",Metro,365.0,93.2,127.0
BOPHON,"Federal Detention Center, Honolulu (Federal Detention Center Honolulu)",Honolulu,HI,Honolulu,21.33362931,-157.9283142,San Francisco,"Urban Honolulu, HI",Metro,365.0,69.6,115.0
FINNEKS,Finney County Jail,Garden City,KS,Finney,37.96750455,-100.8761009,Chicago,"Garden City, KS",Micro,218.0,1.6,16.0
FLGLRFL,Flagler County Detention Facility,Bunnell,FL,Flagler,29.45239462,-81.2561631,Miami,"Deltona-Daytona Beach-Ormond Beach, FL",Metro,67.0,6.8,96.0
FLORHAZ,Florence Hospital,Florence,AZ,Pinal,33.07326552,-111.4856323,Phoenix,"Phoenix-Mesa-Chandler, AZ",Metro,57.0,0.3,3.0
FLO,Florence Service Processing Center,Florence,AZ,Pinal,33.0642139,-111.38242,Phoenix,"Phoenix-Mesa-Chandler, AZ",Metro,365.0,357.7,532.0
FSF,Florence Staging Facility,Florence,AZ,Pinal,33.06411191,-111.3805116,Phoenix,"Phoenix-Mesa-Chandler, AZ",Metro,365.0,273.0,612.0
FLDSSFS,Florida Soft Sided Facility South,Ochopee,FL,Collier,25.86545815,-80.89870829,Miami,"Naples-Marco Island, FL",Metro,174.0,607.2,1625.0
FLOYDGA,Floyd County Jail,Rome,GA,Floyd,34.28002514,-85.14154059,Atlanta,"Rome, GA",Metro,254.0,2.6,26.0
FIPCDGA,Folkston D Ray ICE Processing Center,Folkston,GA,Charlton,30.87362191,-81.97934365,Atlanta,,Rural,218.0,515.5,1408.0
FIPCAGA,Folkston ICE Processing Center (Annex),Folkston,GA,Charlton,30.8712568,-81.98107709,Atlanta,,Rural,365.0,283.2,354.0
FIPCMGA,Folkston ICE Processing Center (Main),Folkston,GA,Charlton,30.87210016,-81.98234889,Atlanta,,Rural,365.0,692.3,980.0
FNDDUWI,Fond Du Lac County Sheriff/Jail,Fond Du Lac,WI,Fond du Lac,43.77359905,-88.44861093,Chicago,"Fond du Lac, WI",Metro,6.0,0.0,1.0
FLBHCFL,Fort Lauderdale Behavor Health Center,Oakland Park,FL,Broward,26.19754928,-80.13333978,Miami,"Miami-Fort Lauderdale-West Palm Beach, FL",Metro,217.0,4.7,10.0
FLHOSFL,Fort Lauderdale Hospital,Fort Lauderdale,FL,Broward,26.11962096,-80.12701547,Miami,"Miami-Fort Lauderdale-West Palm Beach, FL",Metro,0.0,0.0,0.0
FRANKNC,Franklin County Detention Center,Louisburg,NC,Franklin,36.09447504,-78.31954212,Atlanta,"Raleigh-Cary, NC",Metro,19.0,0.1,4.0
FRANKPA,Franklin County Jail,Chambersburg,PA,Franklin,40.00173579,-77.64437253,Philadelphia,"Chambersburg, PA",Metro,118.0,0.7,10.0
GREENMA,Franklin House of Corrections,Greenfield,MA,Franklin,42.59672867,-72.61310111,Boston,"Greenfield, MA",Micro,0.0,0.0,0.0
FREEBMN,Freeborn County Jail Services,Albert Lea,MN,Freeborn,43.64599669,-93.36810296,St Paul,"Albert Lea, MN",Micro,365.0,75.2,101.0
FRIRHTX,Frio Regional Hospital,Pearsall,TX,Frio,28.89634801,-99.11726803,San Antonio,,Rural,28.0,0.2,2.0
FULCJIN,Fulton County Jail Indiana,Rochester,IN,Fulton,41.05192359,-86.23201245,Chicago,,Rural,136.0,2.7,19.0
GCPFCKS,Garden City Processing @ Finney County,Garden City,KS,Finney,37.96750455,-100.8761009,Chicago,"Garden City, KS",Micro,1.0,0.0,1.0
GARVIOK,Garvin County Jail,Pauls Valley,OK,Garvin,34.74063838,-97.22216046,Dallas,,Rural,67.0,0.8,16.0
GASTNNC,Gaston County Jail,Gastonia,NC,Gaston,35.26751035,-81.18343961,Atlanta,"Charlotte-Concord-Gastonia, NC-SC",Metro,52.0,0.2,4.0
GEAUGOH,Geauga County Safety Center,Chardon,OH,Geauga,41.50465415,-81.19159051,Detroit,"Cleveland, OH",Metro,365.0,27.0,44.0
IAHSFTX,George Bush Intercontinental,Houston,TX,Harris,29.98707572,-95.35055977,Houston,"Houston-Pasadena-The Woodlands, TX",Metro,0.0,0.0,0.0
GRGBVTX,Georgetown Behavioral Hospital,Georgetown,TX,Williamson,30.61487888,-97.68066012000001,San Antonio,"Austin-Round Rock-San Marcos, TX",Metro,7.0,0.0,1.0
GLADEFL,Glades County Detention Center,Moore Haven,FL,Glades,26.838751,-81.124787,Miami,"Clewiston, FL",Micro,344.0,346.8,479.0
GLEPDCA,Glendale Police Department,Glendale,CA,Los Angeles,34.147493,-118.249203,Los Angeles,"Los Angeles-Long Beach-Anaheim, CA",Metro,32.0,0.3,11.0
GSCHOLD,Glenwood Springs Hold Room,Glenwood Springs,CO,Garfield,39.55820977,-107.3583702,Denver,"Rifle, CO",Micro,7.0,0.0,2.0
GLDSACA,Golden State Annex,Mcfarland,CA,Kern,35.66990008,-119.2278086,San Francisco,"Bakersfield-Delano, CA",Metro,365.0,607.5,662.0
GCLECOK,Grady County Law Enforcement Center,Chickasha,OK,Grady,35.05318999,-97.93638,Dallas,"Oklahoma City, OK",Metro,0.0,0.0,0.0
GMHATGA,Grady Memorial Hospital,Atlanta,GA,Fulton,33.75168214,-84.38198619,Atlanta,"Atlanta-Sandy Springs-Roswell, GA",Metro,41.0,0.2,2.0
GFCORND,Grand Forks County Correctional Center,Grand Forks,ND,Grand Forks,47.93548832,-97.05764256,St Paul,"Grand Forks, ND-MN",Metro,363.0,16.0,31.0
GFJUVND,Grand Forks County Juvenile,Grand Forks,ND,Grand Forks,47.93548832,-97.05764256,St Paul,"Grand Forks, ND-MN",Metro,104.0,0.3,1.0
GRAYSKY,Grayson County Detention Center,Leitchfield,KY,Grayson,37.48915122,-86.27020937,Chicago,,Rural,365.0,131.1,174.0
NYGREAC,Great Meadow CF,Comstock,NY,Washington,43.45731043,-73.43266846,Buffalo,"Glens Falls, NY",Metro,0.0,0.0,0.0
GREENMO,Greene County Jail,Springfield,MO,Greene,37.22469887,-93.38645019,Chicago,"Springfield, MO",Metro,365.0,245.4,323.0
GUDOCHG,"Guam Department of Corrections, Hagatna Detention Facility",Hagatna,GU,Guam,13.4743782,144.7501207,San Francisco,,Rural,365.0,14.3,23.0
GUAMHGU,Guam Memorial Hospital,Tamuning,GU,Guam,13.50496171,144.7746424,San Francisco,,Rural,0.0,0.0,0.0
BOPGUA,Guaynabo MDC (San Juan),Guaynabo,PR,Guaynabo,18.42143101,-66.11932498,Miami,"San Juan-Bayamón-Caguas, PR",Metro,0.0,0.0,0.0
CKHOSFL,HCA Florida Kendall Hospital,Miami,FL,Miami-Dade,25.7308993,-80.38543608,Miami,"Miami-Fort Lauderdale-West Palm Beach, FL",Metro,183.0,1.7,5.0
HCAFMFL,HCA Florida Memorial Hospital,Jacksonville,FL,Duval,30.28875772,-81.60115746,Miami,"Jacksonville, FL",Metro,20.0,0.1,1.0
HCAHCTX,HCA Houston Healthcare Conroe,Conroe,TX,Montgomery,30.28417928,-95.46825041,Houston,"Houston-Pasadena-The Woodlands, TX",Metro,219.0,3.8,9.0
HALLJGA,Hall County Jail,Gainesville,GA,Hall,34.23860701,-83.81286502,Atlanta,"Gainesville, GA",Metro,0.0,0.0,0.0
HASHENE,Hall County Sheriff,Grand Island,NE,Hall,40.92663446,-98.32841385,St Paul,"Grand Island, NE",Metro,264.0,7.5,22.0
HAMILTN,Hamilton County Jail (Tenn),Chattanooga,TN,Hamilton,35.04172975,-85.27639879,New Orleans,"Chattanooga, TN-GA",Metro,0.0,0.0,0.0
HCPSCMS,Hancock County Public Safety Complex,Bay Saint Louis,MS,Hancock,30.30312418,-89.47651733,New Orleans,"Gulfport-Biloxi, MS",Metro,365.0,27.8,112.0
HARDEFL,Hardee County Jail,Wauchula,FL,Hardee,27.54292218,-81.8022425,Miami,,Rural,7.0,0.0,1.0
HARDJIA,Hardin County Jail,Eldora,IA,Hardin,42.36007804,-93.09753119,St Paul,,Rural,326.0,30.0,57.0
HMCHOTX,Harlingen Medical Center,Harlingen,TX,Cameron,26.15745,-97.67529998,Harlingen,"Brownsville-Harlingen, TX",Metro,2.0,0.0,1.0
HRLGNTX,Harlingen Police Department,Harlingen,TX,Cameron,26.20035,-97.70541599,Harlingen,"Brownsville-Harlingen, TX",Metro,0.0,0.0,0.0
HCPSYTX,Harris County Psychiatric Center,Houston,TX,Harris,29.71223932,-95.37435583000001,Houston,"Houston-Pasadena-The Woodlands, TX",Metro,132.0,0.8,3.0
HHBTHTX,Harris Health Ben Taub Hospital,Houston,TX,Harris,29.71117201,-95.39405699,Houston,"Houston-Pasadena-The Woodlands, TX",Metro,64.0,0.3,1.0
LBJHSTX,Harris Health LBJ Hospital,Houston,TX,Harris,29.81192802,-95.31240602,Houston,"Houston-Pasadena-The Woodlands, TX",Metro,2.0,0.0,1.0
HARRIMS,Harrison Detention Center,Gulfport,MS,Harrison,30.43920191,-89.0546797,New Orleans,"Gulfport-Biloxi, MS",Metro,0.0,0.0,0.0
HARFOCT,Hartford Correctional Center,Hartford,CT,Capitol,41.79372102,-72.66131701,Boston,"Hartford-West Hartford-East Hartford, CT",Metro,4.0,0.0,1.0
HENDENC,Henderson County Detention Facility,Hendersonville,NC,Henderson,35.3158728,-82.45598946,Atlanta,"Asheville, NC",Metro,3.0,0.0,2.0
HENDENV,Henderson Detention Center,Henderson,NV,Clark,36.03059098,-114.979471,Salt Lake City,"Las Vegas-Henderson-North Las Vegas, NV",Metro,365.0,82.8,113.0
HDHSPNV,Henderson Hospital,Henderson,NV,Clark,36.07266562,-115.0306285,Salt Lake City,"Las Vegas-Henderson-North Las Vegas, NV",Metro,13.0,0.1,1.0
HNDMCTX,Hendrick Medical Center,Abilene,TX,Taylor,32.47216534,-99.73381326,Dallas,"Abilene, TX",Metro,29.0,0.1,1.0
HENDRFL,Hendry County Jail,Labelle,FL,Hendry,26.76036583,-81.43670544,Miami,"Clewiston, FL",Micro,4.0,0.0,2.0
HCMCMMN,Hennepin County Medical Center,Minneapolis,MN,Hennepin,44.97210379,-93.2624106,St Paul,"Minneapolis-St. Paul-Bloomington, MN-WI",Metro,2.0,0.0,1.0
HENRIVA,Henrico County Jail,Barhamsville,VA,New Kent,37.49537919,-76.86187099,Washington,"Richmond, VA",Metro,0.0,0.0,0.0
HERNAFL,Hernando County Jail,Brooksville,FL,Hernando,28.48386776,-82.45172885,Miami,"Tampa-St. Petersburg-Clearwater, FL",Metro,2.0,0.0,2.0
HIDALNM,Hidalgo County Detention Center,Lordsburg,NM,Hidalgo,32.33784165,-108.6661874,El Paso,,Rural,0.0,0.0,0.0
HIDALTX,Hidalgo County Sheriff?s Jail,Edinburg,TX,Hidalgo,26.416844,-98.12778001,Harlingen,"McAllen-Edinburg-Mission, TX",Metro,0.0,0.0,0.0
AKHIGHL,Highland Mtn Correctional Center,Eagle River,AK,Anchorage,61.30306602,-149.581249,Seattle,"Anchorage, AK",Metro,37.0,0.1,2.0
HGHBECO,Highlands Behavioral Health,Littleton,CO,Douglas,39.56277988,-104.9076912,Denver,"Denver-Aurora-Centennial, CO",Metro,0.0,0.0,0.0
HICOJFL,Hillsborough County Jail,Tampa,FL,Hillsborough,27.95903699,-82.37143098,Miami,"Tampa-St. Petersburg-Clearwater, FL",Metro,142.0,2.2,46.0
HPKNSKY,Hopkins County Jail,Madisonville,KY,Hopkins,37.33759615,-87.53993367,Chicago,"Madisonville, KY",Micro,349.0,126.5,196.0
HOUICDF,Houston Contract Detention Facility,Houston,TX,Harris,29.95053796,-95.31222371,Houston,"Houston-Pasadena-The Woodlands, TX",Metro,365.0,837.1,982.0
HOUHOLD,Houston Field Office Hold Room,Houston,TX,Harris,29.93757547,-95.40639406,Houston,"Houston-Pasadena-The Woodlands, TX",Metro,318.0,1.9,85.0
HHCHKTX,Houston Healthcare Hospital,Kingwood,TX,Montgomery,30.04814462,-95.25505479,Houston,"Houston-Pasadena-The Woodlands, TX",Metro,54.0,0.3,2.0
HUDSONJ,Hudson County Jail,Kearny,NJ,Hudson,40.72807538,-74.10842526,Newark,"New York-Newark-Jersey City, NY-NJ",Metro,0.0,0.0,0.0
POLKCTX,IAH Polk Adult Detention Facility,Livingston,TX,Polk,30.69789175,-95.00594905,Houston,,Rural,365.0,839.6,895.0
IMPCOCA,Imperial County Jail,El Centro,CA,Imperial,32.80312376,-115.5690025,San Diego,"El Centro, CA",Metro,0.0,0.0,0.0
IRADFCA,Imperial Regional Detention Facility,Calexico,CA,Imperial,32.69075498,-115.39788,San Diego,"El Centro, CA",Metro,365.0,651.1,734.0
IMPHOLD,Imperial Sub Office Hold Room,El Centro,CA,Imperial,32.81319479,-115.572837,San Diego,"El Centro, CA",Metro,62.0,0.3,21.0
INDMPIN,Indianapolis Metropolitan PD,Indianapolis,IN,Marion,39.76795998,-86.15298996,Chicago,"Indianapolis-Carmel-Greenwood, IN",Metro,0.0,0.0,0.0
INTEGOK,Integris Health Baptist Medical,Oklahoma City,OK,Oklahoma,35.52676999,-97.58462698,Dallas,"Oklahoma City, OK",Metro,6.0,0.0,1.0
IRWINGA,Irwin County Detention Center,Ocilla,GA,Irwin,31.57992901,-83.25533301,Atlanta,,Rural,150.0,65.0,300.0
JFKTSNY,JFK International Airport - T7,Jamaica,NY,Queens,40.6495293,-73.7828736,New York City,"New York-Newark-Jersey City, NY-NJ",Metro,82.0,0.5,4.0
JHRWLTX,Jack Harwell Detention Center,Waco,TX,McLennan,31.54918377,-97.08131943,Houston,"Waco, TX",Metro,41.0,0.2,11.0
JMHOSFL,Jackson Memorial Hospital,Miami,FL,Miami-Dade,25.79112433,-80.21207435,Miami,"Miami-Fort Lauderdale-West Palm Beach, FL",Metro,19.0,0.1,1.0
JKPCCLA,Jackson Parish Correctional Center,Jonesboro,LA,Jackson,32.21524643,-92.71586213,New Orleans,,Rural,365.0,1145.8,1372.0
JAXHOLD,Jacksonville Sub-Office,Jacksonville,FL,Duval,30.13257185,-81.51262118,Miami,"Jacksonville, FL",Metro,193.0,1.7,13.0
JHMCJNY,Jamaica Hospital Medical Center,Richmond Hill,NY,Queens,40.70025598,-73.81621603,New York City,"New York-Newark-Jersey City, NY-NJ",Metro,6.0,0.0,1.0
JEFFEID,Jefferson County Jail,Rigby,ID,Jefferson,43.67344981,-111.9112013,Salt Lake City,"Idaho Falls, ID",Metro,356.0,6.8,20.0
JCRLYTX,Joe Corley Processing Center,Conroe,TX,Montgomery,30.33580401,-95.448276,Houston,"Houston-Pasadena-The Woodlands, TX",Metro,365.0,912.3,1028.0
JOPSHTX,John Peter Smith Hospital,Fort Worth,TX,Tarrant,32.7272171,-97.32722301,Dallas,"Dallas-Fort Worth-Arlington, TX",Metro,13.0,0.1,1.0
JMTHOVA,Johnston Memorial Hospital,Abingdon,VA,Washington,36.72304096,-81.9119617,Washington,"Kingsport-Bristol, TN-VA",Metro,6.0,0.0,1.0
KANDIMN,Kandiyohi County Jail,Willmar,MN,Kandiyohi,45.14587401,-95.01397397,St Paul,"Willmar, MN",Micro,365.0,122.9,154.0
KCCDCTX,Karnes County Civil Detention Facility,Karnes City,TX,Karnes,28.88474485,-97.91519074,San Antonio,,Rural,14.0,0.1,9.0
KARNETX,Karnes County Correctional Center,Karnes City,TX,Karnes,28.883469,-97.9117849,San Antonio,,Rural,304.0,1.7,9.0
KRNRCTX,Karnes County Residential Center2,Karnes City,TX,Karnes,28.88474485,-97.91519074,San Antonio,,Rural,365.0,1062.8,1304.0
KFMANTX,Kaufman County Detention Center,Kaufman,TX,Kaufman,32.55974919,-96.29438571,Dallas,"Dallas-Fort Worth-Arlington, TX",Metro,11.0,0.0,1.0
KCOJFOK,Kay County Detention Center,Newkirk,OK,Kay,36.86793116,-97.06958376,Dallas,"Ponca City, OK",Micro,365.0,138.3,179.0
KENMHNY,Kenmore Mercy Hospital,Kenmore,NY,Erie,42.97766249,-78.87934353,Buffalo,"Buffalo-Cheektowaga, NY",Metro,2.0,0.0,1.0
KENTOKY,Kenton County Detention Center,Covington,KY,Kenton,39.00247471,-84.53050924,Chicago,"Cincinnati, OH-KY-IN",Metro,298.0,78.6,147.0
KERCOCA,Kern County Jail (Lerdo),Bakersfield,CA,Kern,35.51071001,-119.1104,San Francisco,"Bakersfield-Delano, CA",Metro,0.0,0.0,0.0
KERNHCA,Kern Medical Hospital,Bakersfield,CA,Kern,35.38252331,-118.9706301,San Francisco,"Bakersfield-Delano, CA",Metro,1.0,0.0,1.0
AKKETCH,Ketchikan Regional Correctional Institution,Ketchikan,AK,Ketchikan Gateway,55.34834118,-131.6493069,Seattle,"Ketchikan, AK",Micro,2.0,0.0,1.0
KINNETX,Kinney County Jail,Brackettville,TX,Kinney,29.31147722,-100.4178534,San Antonio,,Rural,0.0,0.0,0.0
KNXDFTN,Knox County Detention Facility,Knoxville,TN,Knox,36.08502499,-83.84114322,New Orleans,"Knoxville, TN",Metro,349.0,39.2,99.0
KODIAAK,Kodiak City Jail,Kodiak,AK,Kodiak Island,57.80475301,-152.3726919,Seattle,,Rural,4.0,0.0,1.0
KRO,Krome North Service Processing Center,Miami,FL,Miami-Dade,25.75414381,-80.48911771,Miami,"Miami-Fort Lauderdale-West Palm Beach, FL",Metro,365.0,961.1,1943.0
KRHUBFL,Krome/Miami Hub,Miami,FL,Miami-Dade,25.7952677,-80.2834383,Miami,"Miami-Fort Lauderdale-West Palm Beach, FL",Metro,20.0,0.1,13.0
LPLCCAZ,LA Palma Correctional Center,Eloy,AZ,Pinal,32.81451817,-111.528823,Phoenix,"Phoenix-Mesa-Chandler, AZ",Metro,0.0,0.0,0.0
LPAPSAZ,LA Palma Correctional Center APSO,Eloy,AZ,Pinal,32.81490557,-111.529474,Phoenix,"Phoenix-Mesa-Chandler, AZ",Metro,0.0,0.0,0.0
LAPAZAZ,LA Paz County Adult Detention Facility,Parker,AZ,La Paz,34.14590002,-114.2901,Phoenix,,Rural,189.0,1.1,9.0
LPZRHAZ,LA Paz Regional Hospital,Parker,AZ,La Paz,34.13640135,-114.2853361,Phoenix,,Rural,0.0,0.0,0.0
LSRDCTX,LA Salle County Regional Detention Center,Encinal,TX,La Salle,28.04550349,-99.33632924,San Antonio,,Rural,365.0,209.7,362.0
BOPLAT,LA Tuna Federal Correctional Institution,Anthony,TX,El Paso,31.98212529,-106.5914752,El Paso,"El Paso, TX",Metro,0.0,0.0,0.0
LACKAPA,"Lackawana Cnty Jail, PA",Scranton,PA,Lackawanna,41.42272461,-75.64816981,Philadelphia,"Scranton--Wilkes-Barre, PA",Metro,0.0,0.0,0.0
LAFAYLA,Lafayette Parish Sheriff?s Office Jail Annex,Lafayette,LA,Lafayette,30.22352032,-92.02141108,New Orleans,"Lafayette, LA",Metro,61.0,0.9,11.0
LHMCBMA,Lahey Hospital & Medical Center,Burlington,MA,Middlesex,42.48548852,-71.20404746,Boston,"Boston-Cambridge-Newton, MA-NH",Metro,9.0,0.0,2.0
LAKCOFL,Lake County Jail,Tavares,FL,Lake,28.80187717,-81.73296138,Miami,"Orlando-Kissimmee-Sanford, FL",Metro,79.0,0.3,4.0
LARCOWY,Laramie County Jail,Cheyenne,WY,Laramie,41.13494563,-104.8198642,Denver,"Cheyenne, WY",Metro,165.0,1.9,15.0
LRDMCTX,Laredo Medical Center,Laredo,TX,Webb,27.532485,-99.47807703,Harlingen,"Laredo, TX",Metro,41.0,0.2,2.0
LRKBHFL,Larkin Behavioral Health Services,Hollywood,FL,Broward,26.02102602,-80.18071597,Miami,"Miami-Fort Lauderdale-West Palm Beach, FL",Metro,219.0,8.2,12.0
LRKNHFL,Larkin Hospital,South Miami,FL,Miami-Dade,25.70558445,-80.29317311,Miami,"Miami-Fort Lauderdale-West Palm Beach, FL",Metro,217.0,6.1,13.0
OLACCLA,Lasalle Correctional Center Olla,Olla,LA,LaSalle,31.91098108,-92.2190292,New Orleans,,Rural,0.0,0.0,0.0
LASALTX,Lasalle County Jail,Cotulla,TX,La Salle,28.44383667,-99.23705189,San Antonio,,Rural,1.0,0.0,1.0
LARELKY,Laurel County Corrections,London,KY,Laurel,37.05715191,-84.07137624,Chicago,"Corbin, KY",Micro,270.0,2.7,49.0
LAWRESD,"Lawrence County Jail, SD",Deadwood,SD,Lawrence,44.39682696,-103.7119196,St Paul,"Spearfish, SD",Micro,184.0,5.1,20.0
LVYHOPA,Lehigh Valley Hospital - Pocono,East Stroudsburg,PA,Monroe,40.99252079,-75.17476579,Philadelphia,"East Stroudsburg, PA",Micro,5.0,0.0,1.0
AKLEMON,"Lemon Creek, Juneau, AK",Juneau,AK,Juneau,58.36257205,-134.4844093,Seattle,"Juneau, AK",Micro,11.0,0.0,1.0
LSHOSMA,Lemuel Shattuck Hospital,Jamaica Plain,MA,Suffolk,42.29959544,-71.1019386,Boston,"Boston-Cambridge-Newton, MA-NH",Metro,16.0,0.1,1.0
LEONCFL,Leon County Jail,Tallahassee,FL,Leon,30.43665171,-84.33564441,Miami,"Tallahassee, FL",Metro,0.0,0.0,0.0
LEVYCFL,Levy County Jail,Bronson,FL,Levy,29.4651518,-82.63967979,Miami,"Gainesville, FL",Metro,0.0,0.0,0.0
LEXINSC,Lexington County Jail,Lexington,SC,Lexington,33.97926087,-81.25044606,Atlanta,"Columbia, SC",Metro,337.0,5.8,15.0
LEXFCKY,Lexington Processing @ Fayette County,Lexington,KY,Fayette,38.06563162,-84.54514102,Chicago,"Lexington-Fayette, KY",Metro,0.0,0.0,0.0
BOPLEX,Lexinton Federal Medical Center,Lexington,KY,Fayette,38.10463085,-84.56012963,Chicago,"Lexington-Fayette, KY",Metro,0.0,0.0,0.0
LBRTYFL,Liberty County Sheriff?s Office,Bristol,FL,Liberty,30.43397638,-84.96868605,Miami,,Rural,1.0,0.0,1.0
LIMESTX,Limestone County Detention Center,Groesbeck,TX,Limestone,31.52584114,-96.50657417,Houston,,Rural,365.0,162.9,296.0
LIMCJTX,Limestone County Jail,Groesbeck,TX,Limestone,31.52584114,-96.50657417,Houston,,Rural,9.0,0.0,1.0
LINCONE,Lincoln County Detention Center,North Platte,NE,Lincoln,41.13569388,-100.7639978,St Paul,"North Platte, NE",Micro,360.0,31.2,76.0
LINNJIA,Linn County Jail,Cedar Rapids,IA,Linn,41.9746498,-91.66921113,St Paul,"Cedar Rapids, IA",Metro,328.0,28.0,55.0
LIRSFCO,Lirs - Lfsrm Fort Collins Ltfc County,Fort Collins,CO,Larimer,40.53253146,-105.0397792,Denver,"Fort Collins-Loveland, CO",Metro,73.0,0.6,2.0
NYLIVIC,Livingston Correctional,Sonyea,NY,Livingston,42.6896103,-77.82396193,Buffalo,"Rochester, NY",Metro,0.0,0.0,0.0
LOCMHNY,Lockport Memorial Hospital,Lockport,NY,Niagara,43.14884975,-78.7066112,Buffalo,"Buffalo-Cheektowaga, NY",Metro,0.0,0.0,0.0
LOGANOK,Logan County Jail,Guthrie,OK,Logan,35.87625303,-97.4223618,Dallas,"Oklahoma City, OK",Metro,227.0,5.8,34.0
LLUMCCA,Loma Linda University Medical Center,Loma Linda,CA,San Bernardino,34.04942561,-117.2643765,Los Angeles,"Riverside-San Bernardino-Ontario, CA",Metro,0.0,0.0,0.0
LONPDAR,Lonoke Police Department Detention Center,Lonoke,AR,Lonoke,34.78361001,-91.90152002,New Orleans,"Little Rock-North Little Rock-Conway, AR",Metro,0.0,0.0,0.0
LOSCJCA,Los Angeles County Jail-Twin Tower,Los Angeles,CA,Los Angeles,34.05872701,-118.230515,Los Angeles,"Los Angeles-Long Beach-Anaheim, CA",Metro,1.0,0.0,1.0
BOPLOS,Los Angeles Metropolitan Detention Center,Los Angeles,CA,Los Angeles,34.0534729,-118.2382043,Los Angeles,"Los Angeles-Long Beach-Anaheim, CA",Metro,4.0,0.0,1.0
LPD77CA,Los Angeles Police PD 77th Division,Los Angeles,CA,Los Angeles,33.97056125,-118.2779324,Los Angeles,"Los Angeles-Long Beach-Anaheim, CA",Metro,0.0,0.0,0.0
LOSHOLD,Los Cust Case,Los Angeles,CA,Los Angeles,34.053742,-118.23961,Los Angeles,"Los Angeles-Long Beach-Anaheim, CA",Metro,345.0,45.3,338.0
LOUCOVA,Loudoun County,Leesburg,VA,Loudoun,39.07501078,-77.54534461,Washington,"Washington-Arlington-Alexandria, DC-VA-MD-WV",Metro,49.0,0.2,3.0
LICEPLA,Louisiana ICE Processing Center,Angola,LA,West Feliciana,30.940609,-91.56848321,New Orleans,"Baton Rouge, LA",Metro,190.0,91.6,202.0
LYOLAIL,Loyola Center for Health,Maywood,IL,Cook,41.86430301,-87.84693697,Chicago,"Chicago-Naperville-Elgin, IL-IN",Metro,21.0,0.2,4.0
LUBBOTX,Lubbock County Jail,Lubbock,TX,Lubbock,33.63257513,-101.7955856,Dallas,"Lubbock, TX",Metro,275.0,2.9,20.0
BOPBRO,MDC Brooklyn,Brooklyn,NY,Kings,40.66031328,-74.00398013,New York City,"New York-Newark-Jersey City, NY-NJ",Metro,264.0,84.1,220.0
MADISNY,Madison County Jail,Wampsville,NY,Madison,43.0797876,-75.7065087,Buffalo,"Syracuse, NY",Metro,0.0,0.0,0.0
MADISMS,"Madison County Jail, MS",Canton,MS,Madison,32.59324217,-90.0397719,New Orleans,"Jackson, MS",Metro,315.0,10.6,47.0
MAHONOH,Mahoning County Justice Center,Youngstown,OH,Mahoning,41.10426589,-80.65505886,Detroit,"Youngstown-Warren, OH",Metro,339.0,86.1,126.0
MANATFL,Manatee County Detention-Annex,Palmetto,FL,Manatee,27.6366807,-82.5399629,Miami,"North Port-Bradenton-Sarasota, FL",Metro,96.0,0.5,5.0
MRMCSCA,Marian Regional Medical Center,Santa Maria,CA,Santa Barbara,34.95102974,-120.4132439,Los Angeles,"Santa Maria-Santa Barbara, CA",Metro,0.0,0.0,0.0
MARICOR,Marion County Jail,Salem,OR,Marion,44.89656231,-122.9605171,Seattle,"Salem, OR",Metro,0.0,0.0,0.0
MARIOFL,Marion County Jail,Ocala,FL,Marion,29.19503591,-82.17477409,Miami,"Ocala, FL",Metro,115.0,0.5,9.0
MARIOIN,Marion County Jail,Indianapolis,IN,Marion,39.7557574,-86.11095438,Chicago,"Indianapolis-Carmel-Greenwood, IN",Metro,331.0,67.7,116.0
MARTIFL,Martin County Jail,Stuart,FL,Martin,27.17239299,-80.24191904,Miami,"Port St. Lucie, FL",Metro,213.0,3.3,20.0
MWASHVA,Mary Washington Hospital,Fredericksburg,VA,Fredericksburg,38.31104067,-77.48360637,Washington,"Washington-Arlington-Alexandria, DC-VA-MD-WV",Metro,0.0,0.0,0.0
AKMATSU,"Matsu Pretrial, Palmer AK",Palmer,AK,Matanuska-Susitna,61.6023381,-149.1094552,Seattle,"Anchorage, AK",Metro,5.0,0.0,1.0
MAVERTX,Maverick County Jail,Eagle Pass,TX,Maverick,28.71941236,-100.4599412,San Antonio,"Eagle Pass, TX",Metro,3.0,0.0,1.0
MYOMKMN,Mayo Clinic Health Sys - Mankato,Mankato,MN,Blue Earth,44.1638442,-93.98340045,St Paul,"Mankato, MN",Metro,34.0,0.2,2.0
NEMCCOI,McCook Detention Center,Mccook,NE,Red Willow,40.22811415,-100.6484457,St Paul,,Rural,128.0,42.3,171.0
BOPMCR,McCreary US Penitentiary,Pine Knot,KY,McCreary,36.68663433,-84.38791446,Chicago,,Rural,0.0,0.0,0.0
MLPHHMI,McLaren Port Huron Hospital,Port Huron,MI,St. Clair,42.98666671,-82.42971605,Detroit,"Detroit-Warren-Dearborn, MI",Metro,8.0,0.0,1.0
MCCLETX,McLennan County Jail,Waco,TX,McLennan,31.54986931,-97.08035016,Houston,"Waco, TX",Metro,58.0,0.3,5.0
BOPRAE,"McRae Correctional Facility, CCA",Mcrae-Helena,GA,Telfair,32.05030227,-82.8719057,Atlanta,,Rural,0.0,0.0,0.0
MEDHOLD,Medford Sub-Office,Medford,OR,Jackson,42.37316605,-122.8666184,Seattle,"Medford, OR",Metro,0.0,0.0,0.0
MHNHHTX,Memorial Hermann NE Hospital,Humble,TX,Harris,29.99528802,-95.27621598,Houston,"Houston-Pasadena-The Woodlands, TX",Metro,219.0,1.3,5.0
MEMRHFL,Memorial Regional Hospital,Hollywood,FL,Broward,26.01965398,-80.180432,Miami,"Miami-Fort Lauderdale-West Palm Beach, FL",Metro,4.0,0.0,1.0
MHTFHOH,Mercy Health - Tiffin Hospital,Tiffin,OH,Seneca,41.10415299,-83.21621701,Detroit,"Tiffin, OH",Micro,5.0,0.0,1.0
MRYHPMN,Mercy Hospital,Coon Rapids,MN,Anoka,45.18306682,-93.36971949,St Paul,"Minneapolis-St. Paul-Bloomington, MN-WI",Metro,3.0,0.0,1.0
MEHOSCA,Mercy Hospital Downtown Bakersfield,Bakersfield,CA,Kern,35.37279812,-119.0276222,San Francisco,"Bakersfield-Delano, CA",Metro,8.0,0.0,1.0
MRYHOMO,Mercy Hospital South,Saint Louis,MO,St. Louis,38.50735372,-90.38026964,Chicago,"St. Louis, MO-IL",Metro,2.0,0.0,1.0
MMCCRIA,Mercy Medical Center Cedar Rapid,Cedar Rapids,IA,Linn,41.97806891,-91.65578114,St Paul,"Cedar Rapids, IA",Metro,5.0,0.0,1.0
MESJACO,Mesa County Jail,Grand Junction,CO,Mesa,39.0686798,-108.5735786,Denver,"Grand Junction, CO",Metro,0.0,0.0,0.0
CACFMES,Mesa Verde ICE Processing Center,Bakersfield,CA,Kern,35.37931836,-119.0065207,San Francisco,"Bakersfield-Delano, CA",Metro,365.0,273.4,388.0
METHOTX,Methodist Hospital,San Antonio,TX,Bexar,29.50814961,-98.57256528,San Antonio,"San Antonio-New Braunfels, TX",Metro,67.0,0.3,2.0
MHMSATX,Methodist Hospital Metropolitan,San Antonio,TX,Bexar,29.44118508,-98.49100232,San Antonio,"San Antonio-New Braunfels, TX",Metro,38.0,0.2,2.0
MHNSATX,Methodist Hospital Northeast,Live Oak,TX,Bexar,29.55248942,-98.34807671,San Antonio,"San Antonio-New Braunfels, TX",Metro,14.0,0.1,1.0
MHSOSTX,Methodist Hospital Stone Oak,San Antonio,TX,Bexar,29.61617248,-98.47462324,San Antonio,"San Antonio-New Braunfels, TX",Metro,3.0,0.0,1.0
MHTSATX,Methodist Hospital Texsan,San Antonio,TX,Bexar,29.48980703,-98.54748109,San Antonio,"San Antonio-New Braunfels, TX",Metro,20.0,0.1,1.0
MSTHSTX,Methodist Specialty Transplant Hos,San Antonio,TX,Bexar,29.51361839,-98.57659002,San Antonio,"San Antonio-New Braunfels, TX",Metro,10.0,0.0,1.0
METROFL,Metro Dade Jail,Miami,FL,Miami-Dade,25.71542744,-80.33587179,Miami,"Miami-Fort Lauderdale-West Palm Beach, FL",Metro,6.0,0.2,24.0
IBPSMIA,Miami Border Patrol,Pembroke Pines,FL,Broward,26.00720362,-80.35394031,Miami,"Miami-Fort Lauderdale-West Palm Beach, FL",Metro,0.0,0.0,0.0
INMIAMI,Miami Correctional Facility (McF),Bunker Hill,IN,Miami,40.64428381,-86.1314789,Chicago,"Peru, IN",Micro,161.0,187.1,559.0
BOPMIA,Miami Federal Correctional Institution (Former McC),Miami,FL,Miami-Dade,25.61802646,-80.40923012,Miami,"Miami-Fort Lauderdale-West Palm Beach, FL",Metro,1.0,0.0,2.0
MSF,Miami Staging Facility,Miami,FL,Miami-Dade,25.77846074,-80.19313158,Miami,"Miami-Fort Lauderdale-West Palm Beach, FL",Metro,195.0,10.7,137.0
MIDLATX,Midland Detention Center,Midland,TX,Midland,31.99404968,-102.0748857,El Paso,"Midland, TX",Metro,136.0,0.7,11.0
MIDMHTX,Midland Memorial Hospital,Midland,TX,Midland,31.99675704,-102.09953,El Paso,"Midland, TX",Metro,1.0,0.0,1.0
,Midwest Regional Reception Center,Leavenworth,KS,Leavenworth,39.273128462617,-94.892469902938,Chicago,"Kansas City, MO-KS",Metro,,,
GTMODCU,Migrant Operations Center Main Av622,Fpo Ae,CU,,19.91143841,-75.22266036,Miami,,Rural,195.0,10.5,46.0
MILLRAR,Miller County Jail,Texarkana,AR,Miller,33.40116926,-94.02247496,New Orleans,"Texarkana, TX-AR",Metro,294.0,4.0,26.0
MINICID,Minicassia Detention Center,Burley,ID,Cassia,42.53503506,-113.7911899,Salt Lake City,"Burley, ID",Micro,226.0,2.1,14.0
MINNESD,Minnehaha County Jail,Sioux Falls,SD,Minnehaha,43.55340744,-96.72992274,St Paul,"Sioux Falls, SD-MN",Metro,274.0,4.1,18.0
MONMONJ,Monmouth County Jail,Freehold,NJ,Monmouth,40.26693384,-74.28671933,Newark,"New York-Newark-Jersey City, NY-NJ",Metro,0.0,0.0,0.0
MONROMI,Monroe County Detention-Dorm,Monroe,MI,Monroe,41.89557061,-83.3932822,Detroit,"Monroe, MI",Metro,365.0,126.5,146.0
MNROEMI,Monroe County Jail,Monroe,MI,Monroe,41.89557061,-83.3932822,Detroit,"Monroe, MI",Metro,0.0,0.0,0.0
MONROFL,Monroe County Jail,Key West,FL,Monroe,24.57657206,-81.75136686,Miami,"Key West-Key Largo, FL",Micro,53.0,0.2,8.0
MNTGMAL,Montgomery City Jail,Montgomery,AL,Montgomery,32.38156183,-86.29775876,New Orleans,"Montgomery, AL",Metro,0.0,0.0,0.0
MONTGNY,Montgomery County Jail,Fultonville,NY,Montgomery,42.93366199,-74.33258678,Buffalo,"Amsterdam, NY",Micro,270.0,3.3,14.0
MONTGTX,Montgomery County Jail,Conroe,TX,Montgomery,30.33538411,-95.45239176,Houston,"Houston-Pasadena-The Woodlands, TX",Metro,0.0,0.0,0.0
MONTGAL,Montgomery County Mac Sim Butler DF,Montgomery,AL,Montgomery,32.37440645,-86.30508269,New Orleans,"Montgomery, AL",Metro,0.0,0.0,0.0
MTGPCTX,Montgomery Processing Center,Conroe,TX,Montgomery,30.33710098,-95.44269901,Houston,"Houston-Pasadena-The Woodlands, TX",Metro,365.0,1177.6,1386.0
MSVPCPA,Moshannon Valley Processing Center,Philipsburg,PA,Clearfield,40.92260818,-78.24169679,Philadelphia,"DuBois, PA",Micro,365.0,1549.3,1717.0
MTNITPA,Mount Nittany Medical Center,State College,PA,Centre,40.8191247,-77.84355136,Philadelphia,"State College, PA",Metro,8.0,0.0,2.0
MVMCMAZ,Mountain Vista Medical Center,Mesa,AZ,Maricopa,33.39161121,-111.6111617,Phoenix,"Phoenix-Mesa-Chandler, AZ",Metro,32.0,0.2,2.0
MHCHSMI,Munson Healthcare Cadillac Hospital,Cadillac,MI,Wexford,44.245567,-85.38951802,Detroit,"Cadillac, MI",Micro,3.0,0.0,1.0
MUSCAIA,Muscatine County Jail,Muscatine,IA,Muscatine,41.42433913,-91.04451543,St Paul,"Muscatine, IA",Micro,342.0,19.5,45.0
MMMCSMI,Mymichigan Medical Center Sault,Sault Sainte Marie,MI,Chippewa,46.49812599,-84.35046302,Detroit,"Sault Ste. Marie, MI",Micro,3.0,0.0,1.0
NWRCCMN,NW Regional Corrections Center,Crookston,MN,Polk,47.7688529,-96.62850915000001,St Paul,"Grand Forks, ND-MN",Metro,311.0,10.2,23.0
NRJDCVA,NW Regional Juvenile Detention Center,Winchester,VA,Frederick,39.19961184,-78.14513265,Washington,"Winchester, VA-WV",Metro,365.0,3.6,7.0
NYCHOLD,NYC Hold Room,New York,NY,New York,40.71571691,-74.00438162,New York City,"New York-Newark-Jersey City, NY-NJ",Metro,352.0,28.4,179.0
BOPCNV,Nashville Community Correctional,Nashville,TN,Davidson,36.15843994,-86.78240643,New Orleans,"Nashville-Davidson--Murfreesboro--Franklin, TN",Metro,2.0,0.0,1.0
NASSANY,Nassau County Correctional Center,East Meadow,NY,Nassau,40.73516338,-73.55269653,New York City,"New York-Newark-Jersey City, NY-NJ",Metro,320.0,17.0,88.0
NASTRNY,Nassau County ICE Intake,East Meadow,NY,Nassau,40.73516338,-73.55269653,New York City,"New York-Newark-Jersey City, NY-NJ",Metro,57.0,0.3,14.0
NASSAFL,Nassau County Jail,Yulee,FL,Nassau,30.62244431,-81.63525504,Miami,"Jacksonville, FL",Metro,0.0,0.0,0.0
NUMCENY,Nassau Univ Medical Center,East Meadow,NY,Nassau,40.72641896,-73.55334328,New York City,"New York-Newark-Jersey City, NY-NJ",Metro,39.0,0.2,3.0
NATROWY,Natrona County Detention Center,Casper,WY,Natrona,42.86303117,-106.3448629,Denver,"Casper, WY",Metro,304.0,12.5,48.0
NATJVWY,Natrona County Juvenile Detention Center,Casper,WY,Natrona,42.86404709,-106.3452345,Denver,"Casper, WY",Metro,0.0,0.0,0.0
NLSCOLA,Nelson Coleman Corrections Center,Killona,LA,St. Charles,29.991934,-90.50261072,New Orleans,"New Orleans-Metairie, LA",Metro,214.0,2.4,15.0
NVSDCNV,Nevada Southern Detention Center,Pahrump,NV,Nye,36.25245773,-115.977029,Salt Lake City,"Pahrump, NV",Micro,365.0,436.1,502.0
NWHNVNC,New Hanover County Detention Center,Castle Hayne,NC,New Hanover,34.32703364,-77.89565863,Atlanta,"Wilmington, NC",Metro,304.0,3.2,16.0
PRESBNY,New York Presbyterian Hospital,New York,NY,New York,40.71075893,-74.00513465,New York City,"New York-Newark-Jersey City, NY-NJ",Metro,121.0,1.0,4.0
NIAGANY,Niagara County Jail,Lockport,NY,Niagara,43.18030263,-78.73732719,Buffalo,"Buffalo-Cheektowaga, NY",Metro,325.0,6.9,19.0
NORFOVA,Norfolk City Jail,Norfolk,VA,Norfolk,36.84462503,-76.28244703,Washington,"Virginia Beach-Chesapeake-Norfolk, VA-NC",Metro,3.0,0.0,1.0
NORHOLD,Norfolk Sub-Office Hold,Norfolk,VA,Norfolk,36.84850338,-76.29086079,Washington,"Virginia Beach-Chesapeake-Norfolk, VA-NC",Metro,8.0,0.0,2.0
NBRMCFL,North Broward Medical Center,Pompano Beach,FL,Broward,26.27695821,-80.12134193,Miami,"Miami-Fort Lauderdale-West Palm Beach, FL",Metro,94.0,0.5,3.0
WVNCENT,North Central Regional Jail,Greenwood,WV,Doddridge,39.28078206,-80.85362371,Philadelphia,"Clarksburg, WV",Micro,42.0,0.9,28.0
NRLKCMI,North Lake Processing Center,Baldwin,MI,Lake,43.928627,-85.83879097,Detroit,,Rural,268.0,764.3,1544.0
BOPNEO,Northeast Ohio Correctional Center,Youngstown,OH,Mahoning,41.131349164588,-80.631522639017,Detroit,"Youngstown-Warren, OH",Metro,,,
NNVMCNV,Northern Nevada Medical Center,Sparks,NV,Washoe,39.54110713,-119.697335,Salt Lake City,"Reno, NV",Metro,0.0,0.0,0.0
WVNORTH,Northern Regional Jail,Moundsville,WV,Marshall,39.90936738,-80.7294205,Philadelphia,"Wheeling, WV-OH",Metro,304.0,19.8,81.0
CSCNWWA,Northwest ICE Processing Center (Nwipc),Tacoma,WA,Pierce,47.24917683,-122.421692,Seattle,"Seattle-Tacoma-Bellevue, WA",Metro,365.0,1342.4,1559.0
NWREGVA,Northwest Regional Adult Detention,Winchester,VA,Frederick,39.1984636,-78.14444106,Washington,"Winchester, VA-WV",Metro,58.0,0.2,5.0
VTSTALB,Northwest State Correctional Center,Swanton,VT,Franklin,44.85044608,-73.13328077,Boston,"Burlington-South Burlington, VT",Metro,364.0,11.4,22.0
NWSCFVT,Northwest State Correctional Facility,Swanton,VT,Franklin,44.85044608,-73.13328077,Boston,"Burlington-South Burlington, VT",Metro,,,
BOPOAD,Oakdale Federal Detention Center,Oakdale,LA,Allen,30.82081998271,-92.64290899627,New Orleans,,Rural,1.0,0.0,1.0
OAK,Oakdale Federal Detention Center,Oakdale,LA,Allen,30.82081998,-92.642909,New Orleans,,Rural,0.0,0.0,0.0
OGUHOLD,Ogden Hold Room,Ogden,UT,Weber,41.22058827,-112.0191589,Salt Lake City,"Ogden, UT",Metro,7.0,0.0,5.0
OKCHOLD,Oklahoma City Hold Room,Oklahoma City,OK,Oklahoma,35.4536782,-97.59814012,Dallas,"Oklahoma City, OK",Metro,155.0,1.7,47.0
OKMULOK,Okmulgee County Jail,Okmulgee,OK,Okmulgee,35.62172157,-95.97443932,Dallas,"Tulsa, OK",Metro,0.0,0.0,0.0
OLDHAKY,Oldham County Detention Center,La Grange,KY,Oldham,38.38935908,-85.42367734,Chicago,"Louisville/Jefferson County, KY-IN",Metro,365.0,115.9,154.0
OMAHOLD,Omaha Field Office Hold,Omaha,NE,Douglas,41.28062931,-95.90853636000001,St Paul,"Omaha, NE-IA",Metro,55.0,1.1,60.0
ONSLONC,Onslow County Jail,Jacksonville,NC,Onslow,34.75173459,-77.43225086,Atlanta,"Jacksonville, NC",Metro,42.0,0.3,8.0
OCIRCCA,Orange Count Intake Release Facility,Santa Ana,CA,Orange,33.7488147,-117.8784021,Los Angeles,"Los Angeles-Long Beach-Anaheim, CA",Metro,0.0,0.0,0.0
OGCMCCA,Orange County Global Medical Center,Santa Ana,CA,Orange,33.75444975,-117.8333278,Los Angeles,"Los Angeles-Long Beach-Anaheim, CA",Metro,7.0,0.0,1.0
ORANGFL,Orange County Jail,Orlando,FL,Orange,28.50352437,-81.41685299,Miami,"Orlando-Kissimmee-Sanford, FL",Metro,365.0,48.1,178.0
ORANGNY,Orange County Jail,Goshen,NY,Orange,41.40424843,-74.36062667,New York City,"Kiryas Joel-Poughkeepsie-Newburgh, NY",Metro,365.0,153.9,177.0
OGRMCNY,Orange Regional Medical Center,Middletown,NY,Orange,41.44184139,-74.36814683,New York City,"Kiryas Joel-Poughkeepsie-Newburgh, NY",Metro,30.0,0.1,2.0
ORLHOLD,Orlando Hold Room,Orlando,FL,Orange,28.42818942,-81.40971328,Miami,"Orlando-Kissimmee-Sanford, FL",Metro,222.0,2.8,54.0
OSCEOFL,Osceola County Jail,Kissimmee,FL,Osceola,28.29626212,-81.35244938,Miami,"Orlando-Kissimmee-Sanford, FL",Metro,353.0,3.5,11.0
CCASDCA,Otay Mesa Detention Center,San Diego,CA,San Diego,32.57583662,-116.9155909,San Diego,"San Diego-Chula Vista-Carlsbad, CA",Metro,365.0,1387.2,1591.0
OTRPCNM,Otero County Processing Center,Chaparral,NM,Otero,32.08037214,-106.2817264,El Paso,"Alamogordo, NM",Micro,365.0,896.4,1041.0
OKMHKTX,Otto Kaiser Memorial Hospital,Kenedy,TX,Karnes,28.85004667,-97.87839944,San Antonio,,Rural,3.0,0.0,1.0
OZARKMO,Ozark County Jail,Gainesville,MO,Ozark,36.60009801,-92.448936,Chicago,,Rural,303.0,13.9,36.0
PALMBFL,Palm Beach County Jail,West Palm Beach,FL,Palm Beach,26.67176572,-80.09248303,Miami,"Miami-Fort Lauderdale-West Palm Beach, FL",Metro,52.0,0.2,2.0
PWHOSFL,Palms West Hospital,Loxahatchee,FL,Palm Beach,26.68372799,-80.25255064,Miami,"Miami-Fort Lauderdale-West Palm Beach, FL",Metro,10.0,0.1,2.0
PAMSATX,Pam Health Specialty Hospital 1,San Antonio,TX,Bexar,29.59021528,-98.59160477,San Antonio,"San Antonio-New Braunfels, TX",Metro,61.0,0.3,2.0
PVLYHCA,Paradise Valley Hospital,National City,CA,San Diego,32.68540972,-117.0823869,San Diego,"San Diego-Chula Vista-Carlsbad, CA",Metro,129.0,0.9,3.0
PKLDHTX,Parkland Hospital,Dallas,TX,Dallas,32.81173132,-96.83571868000001,Dallas,"Dallas-Fort Worth-Arlington, TX",Metro,10.0,0.0,1.0
PVHOSIN,Parkview Hospital Randallia,Fort Wayne,IN,Allen,41.09570202,-85.10979799,Chicago,"Fort Wayne, IN",Metro,0.0,0.0,0.0
PKMEDIN,Parkview Regional Medical Center,Fort Wayne,IN,Allen,41.18690098,-85.10086799,Chicago,"Fort Wayne, IN",Metro,12.0,0.1,1.0
MVPNHPA,Penn Highlands Clearfield,Clearfield,PA,Clearfield,41.0334042,-78.4498357,Philadelphia,"DuBois, PA",Micro,19.0,0.1,1.0
PENNISD,Pennington County Jail,Rapid City,SD,Pennington,44.07876386,-103.221489,St Paul,"Rapid City, SD",Metro,332.0,3.9,15.0
AZSPPER,Perryville State Prison,Goodyear,AZ,Maricopa,33.47137516,-112.4421715,Phoenix,"Phoenix-Mesa-Chandler, AZ",Metro,0.0,0.0,0.0
PHELPMO,Phelps County Jail,Rolla,MO,Phelps,37.945737,-91.77515504,Chicago,"Rolla, MO",Micro,357.0,28.8,65.0
PHELPNE,Phelps County Jail,Holdrege,NE,Phelps,40.43955352,-99.37063646,St Paul,,Rural,365.0,28.9,43.0
PHELSMO,Phelps Health Hospital,Rolla,MO,Phelps,37.952848,-91.78592,Chicago,"Rolla, MO",Micro,4.0,0.0,1.0
PHPMHGA,Phoebe Putney Memorial Hospital,Albany,GA,Dougherty,31.59038707,-84.15756568,Atlanta,"Albany, GA",Metro,12.0,0.1,1.0
BOPPHX,Phoenix Federal Correctional Institution,Phoenix,AZ,Maricopa,33.83242985,-112.1619896,Phoenix,"Phoenix-Mesa-Chandler, AZ",Metro,0.0,0.0,0.0
PCKNSAL,Pickens County Detention Center,Carrollton,AL,Pickens,33.2603977,-88.09594803,New Orleans,"Tuscaloosa, AL",Metro,363.0,42.7,74.0
PCRMMGA,Piedmount Columbus Regional Midtown Mc,Columbus,GA,Muscogee,32.48050735,-84.98169032,Atlanta,"Columbus, GA-AL",Metro,14.0,0.1,1.0
PIERCND,Pierce County Jail,Rugby,ND,Pierce,48.37359648,-99.97755087,St Paul,,Rural,7.0,0.0,1.0
PIKCOPA,Pike County Correctional Facility,Lords Valley,PA,Pike,41.38907634,-75.07122649,Philadelphia,"Hemlock Farms, PA",Micro,365.0,210.8,243.0
PINALAZ,Pinal County Jail,Florence,AZ,Pinal,33.04146965,-111.377858,Phoenix,"Phoenix-Mesa-Chandler, AZ",Metro,0.0,0.0,0.0
PINEPLA,Pine Prairie ICE Processing Center,Pine Prairie,LA,Evangeline,30.78908899,-92.42276602,New Orleans,,Rural,365.0,877.7,1130.0
PINELFL,Pinellas County Jail,Clearwater,FL,Pinellas,27.90256006,-82.70587478,Miami,"Tampa-St. Petersburg-Clearwater, FL",Metro,364.0,28.8,79.0
PLATTMO,Platte County Jail,Platte City,MO,Platte,39.37166539,-94.78019244,Chicago,"Kansas City, MO-KS",Metro,0.0,0.0,0.0
PLATTWY,Platte County Jail,Wheatland,WY,Platte,42.05542801,-104.952064,Denver,,Rural,241.0,2.0,16.0
PHRCENJ,Plaza Healthcare Rehab Center,Elizabeth,NJ,Union,40.65702904,-74.22787148,Newark,"New York-Newark-Jersey City, NY-NJ",Metro,13.0,0.1,1.0
PLYMOMA,Plymouth County Correctional Facility,Plymouth,MA,Plymouth,41.93130887,-70.65133445,Boston,"Boston-Cambridge-Newton, MA-NH",Metro,365.0,468.3,502.0
POLKJFL,Polk County Jail,Bartow,FL,Polk,27.88139844,-81.81927419,Miami,"Lakeland-Winter Haven, FL",Metro,2.0,0.1,22.0
POLKJIA,Polk County Jail,Des Moines,IA,Polk,41.65362786,-93.58789616,St Paul,"Des Moines-West Des Moines, IA",Metro,365.0,50.3,67.0
BOPPOL,Pollock US Penitentiary,Pollock,LA,Grant,31.46885281,-92.43743997,New Orleans,"Alexandria, LA",Metro,0.0,0.0,0.0
PIC,Port Isabel Service Processing Center,Los Fresnos,TX,Cameron,26.15505562,-97.33831307,Harlingen,"Brownsville-Harlingen, TX",Metro,365.0,1180.5,1785.0
POOHOLD,Portland District Office,Portland,OR,Multnomah,45.49280392,-122.6726165,Seattle,"Portland-Vancouver-Hillsboro, OR-WA",Metro,94.0,0.3,3.0
WVPTMAC,Potomac Highlands Regional Jail,Augusta,WV,Hampshire,39.30234778,-78.64697463,Philadelphia,"Winchester, VA-WV",Metro,14.0,0.2,16.0
POTTAIA,Pottawattamie County Jail,Council Bluffs,IA,Pottawattamie,41.28441839,-95.86505806,St Paul,"Omaha, NE-IA",Metro,365.0,32.6,49.0
POTTRTX,Potter County Jail,Amarillo,TX,Potter,35.24127386,-101.6666629,Dallas,"Amarillo, TX",Metro,2.0,0.0,1.0
PRLDCTX,Prairieland Detention Facility,Alvarado,TX,Johnson,32.42141338,-97.19582779,Dallas,"Dallas-Fort Worth-Arlington, TX",Metro,365.0,943.3,1176.0
PRLHOLD,Prairieland Suboffice Hold Room,Alvarado,TX,Johnson,32.42141903,-97.19583542,Dallas,"Dallas-Fort Worth-Arlington, TX",Metro,60.0,2.8,66.0
PRSHANM,Presbyterian Hospital Albuquerque,Albuquerque,NM,Bernalillo,35.08206426,-106.6345973,El Paso,"Albuquerque, NM",Metro,32.0,0.2,2.0
PWILLVA,Prince William,Manassas,VA,Prince William,38.75207198,-77.48000919,Washington,"Washington-Arlington-Alexandria, DC-VA-MD-WV",Metro,0.0,0.0,0.0
PROHOLD,Prohold,Warwick,RI,Kent,41.73571611,-71.44113855,Boston,"Providence-Warwick, RI-MA",Metro,230.0,0.7,4.0
PMMRHMI,Promedica Monroe Regional Hospital,Monroe,MI,Monroe,41.92448244,-83.3881912,Detroit,"Monroe, MI",Metro,1.0,0.0,1.0
KPCHOAZ,Promise Hospital,Mesa,AZ,Maricopa,33.42551597,-111.8213499,Phoenix,"Phoenix-Mesa-Chandler, AZ",Metro,198.0,1.5,3.0
PRVMDKS,Providence Medical Group,Kansas City,KS,Wyandotte,39.12730061,-94.7869798,Chicago,"Kansas City, MO-KS",Metro,5.0,0.0,1.0
PUEBLCO,Pueblo County Jail,Pueblo,CO,Pueblo,38.27555705,-104.610633,Denver,"Pueblo, CO",Metro,0.0,0.0,0.0
PUTMAFL,Putnam County Jail,Palatka,FL,Putnam,29.66833365,-81.66179215,Miami,"Palatka, FL",Micro,0.0,0.0,0.0
PUTNMTN,Putnam County Sheriff,Cookeville,TN,Putnam,36.16153688,-85.49796141,New Orleans,"Cookeville, TN",Micro,308.0,13.9,56.0
QUEMCHI,Queen?s Medical Center,Honolulu,HI,Honolulu,21.30787998,-157.8539078,San Francisco,"Urban Honolulu, HI",Metro,25.0,0.1,1.0
RAADCMN,"Ramsey Adult Detention Center Annex, Spm",Saint Paul,MN,Ramsey,44.95628917,-93.08610962,St Paul,"Minneapolis-St. Paul-Bloomington, MN-WI",Metro,0.0,0.0,0.0
RNDLLTX,Randall County Jail,Amarillo,TX,Randall,35.11763714,-101.8670628,Dallas,"Amarillo, TX",Metro,45.0,0.4,11.0
RAPPSVA,Rapp Sec Center,Stafford,VA,Stafford,38.40682528,-77.42242233,Washington,"Washington-Arlington-Alexandria, DC-VA-MD-WV",Metro,141.0,0.9,12.0
RDHOSPA,Reading Hospital,West Reading,PA,Berks,40.33007455,-75.94916278,Philadelphia,"Reading, PA",Metro,1.0,0.0,1.0
RDRVHTX,Red River Hospital,Wichita Falls,TX,Wichita,33.90623442,-98.50126889,Dallas,"Wichita Falls, TX",Metro,19.0,0.1,1.0
RCMHOLD,Richmond Sub-Office Hold,North Chesterfield,VA,Chesterfield,37.49424235,-77.56860725,Washington,"Richmond, VA",Metro,39.0,0.5,42.0
RWCCMLA,Richwood Correctional Center,Monroe,LA,Ouachita,32.45663028,-92.07881881,New Orleans,"Monroe, LA",Metro,365.0,1040.7,1161.0
RGRNDTX,Rio Grande Processing Center,Laredo,TX,Webb,27.37771898,-99.49008,Harlingen,"Laredo, TX",Metro,365.0,618.8,675.0
RGHOSTX,Rio Grande St. Hospital,Harlingen,TX,Cameron,26.16068299,-97.70724565,Harlingen,"Brownsville-Harlingen, TX",Metro,0.0,0.0,0.0
RGS,Rio Grande Valley Staging,Los Fresnos,TX,Cameron,26.15603231,-97.33778121,Harlingen,"Brownsville-Harlingen, TX",Metro,6.0,0.1,9.0
RVBHHTX,Rio Vista Behavioral Health Hospital,El Paso,TX,El Paso,31.88017096,-106.5738939,El Paso,"El Paso, TX",Metro,76.0,2.1,14.0
RVRCCLA,River Correctional Center,Ferriday,LA,Concordia,31.59715294,-91.55822753,New Orleans,"Natchez, MS-LA",Micro,365.0,553.0,644.0
RSREGVA,Riverside Regional Jail,North Prince George,VA,Prince George,37.3071009,-77.34100945,Washington,"Richmond, VA",Metro,246.0,47.6,209.0
RONKEVA,Roanoke City Jail,Roanoke,VA,Roanoke,37.2711437,-79.9466271,Washington,"Roanoke, VA",Metro,175.0,1.1,12.0
RMKHOLD,Roanoke Sub-Office Hold Room,Salem,VA,Salem,37.29251479,-80.06117989,Washington,"Roanoke, VA",Metro,1.0,0.0,5.0
RADDFGA,Robert A Deyton Detention Facility,Lovejoy,GA,Clayton,33.4341803,-84.30835519,Atlanta,"Atlanta-Sandy Springs-Roswell, GA",Metro,297.0,10.1,58.0
ROCGHNY,Rochester General Hospital,Rochester,NY,Monroe,43.19153379,-77.58558839,Buffalo,"Rochester, NY",Metro,0.0,0.0,0.0
ROCKIIL,Rock Island County Jail,Rock Island,IL,Rock Island,41.50908189,-90.58091119,Chicago,"Davenport-Moline-Rock Island, IA-IL",Metro,0.0,0.0,0.0
ROCKIVA,Rockingham County Jail,Harrisonburg,VA,Harrisonburg,38.44929957,-78.87077907,Washington,"Harrisonburg, VA",Metro,229.0,1.3,9.0
ROCKINH,Rockingham County Jail,Brentwood,NH,Rockingham,43.01201382,-71.05077908,Boston,"Boston-Cambridge-Newton, MA-NH",Metro,,,
HASKLTX,Rolling Plains Detention Center,Haskell,TX,Haskell,33.17676916,-99.72180031,Dallas,,Rural,275.0,0.8,1.0
STAHOLD,Saint Albans Hold Room,Saint. Albans,VT,Franklin,44.80149468,-73.07339391,Boston,"Burlington-South Burlington, VT",Metro,25.0,0.1,3.0
STJOSCO,Saint Joseph Hospital,Denver,CO,Denver,39.74613845,-104.9714791,Denver,"Denver-Aurora-Centennial, CO",Metro,5.0,0.0,1.0
SALEMNJ,Salem County Correctional Facility,Woodstown,NJ,Salem,39.63012411,-75.35691527,Newark,"Philadelphia-Camden-Wilmington, PA-NJ-DE-MD",Metro,16.0,0.0,1.0
SALINNE,Saline County Jail,Wilber,NE,Saline,40.47505021,-96.96165644000001,St Paul,,Rural,1.0,0.0,7.0
SLSLCUT,Salt Lake County Jail,Salt Lake City,UT,Salt Lake,40.69691294,-111.9155301,Salt Lake City,"Salt Lake City-Murray, UT",Metro,292.0,4.8,25.0
SBERNCA,San Bernardino County Jail,San Bernardino,CA,San Bernardino,34.10231198,-117.273646,Los Angeles,"Riverside-San Bernardino-Ontario, CA",Metro,0.0,0.0,0.0
SNDCOCA,San Diego County Jail,San Diego,CA,San Diego,32.71749456,-117.164272,San Diego,"San Diego-Chula Vista-Carlsbad, CA",Metro,101.0,0.5,1.0
SJS,San Juan Staging,Guaynabo,PR,Guaynabo,18.42354698,-66.11456196,Miami,"San Juan-Bayamón-Caguas, PR",Metro,365.0,17.9,45.0
SAJHOLD,San Juan Sub-Office Hold Room,San Juan,PR,San Juan,18.45535098,-66.08279203,Miami,"San Juan-Bayamón-Caguas, PR",Metro,26.0,1.4,42.0
SLRDCAZ,San Luis Regional Detention Center,San Luis,AZ,Yuma,32.48466594,-114.6846373,Phoenix,"Yuma, AZ",Metro,365.0,342.5,542.0
SACITCA,Santa Ana City Jail,Santa Ana,CA,Orange,33.7502121,-117.880568,Los Angeles,"Los Angeles-Long Beach-Anaheim, CA",Metro,1.0,0.0,1.0
SROSAFL,Santa Rosa County Jail,Milton,FL,Santa Rosa,30.64349152,-86.97431178,Miami,"Pensacola-Ferry Pass-Brent, FL",Metro,0.0,0.0,0.0
SARASFL,Sarasota County Jail,Sarasota,FL,Sarasota,27.33606348,-82.52949364,Miami,"North Port-Bradenton-Sarasota, FL",Metro,222.0,1.2,6.0
SARPYNE,Sarpy County Department of Corrections,Papillion,NE,Sarpy,41.14082176,-96.04167677,St Paul,"Omaha, NE-IA",Metro,310.0,14.2,29.0
SAUKCWI,Sauk County Sheriff,Baraboo,WI,Sauk,43.46156929,-89.7672744,Chicago,"Baraboo, WI",Micro,284.0,7.6,20.0
SCOTTIA,Scott County Jail,Davenport,IA,Scott,41.52386632,-90.57924038,St Paul,"Davenport-Moline-Rock Island, IA-IL",Metro,201.0,1.4,7.0
SCOTTNE,Scotts Bluff County Jail,Gering,NE,Scotts Bluff,41.83622545,-103.6548715,St Paul,"Scottsbluff, NE",Micro,19.0,0.1,2.0
BOPSET,Seatac Federal Detention Center,Seatac,WA,King,47.42197684,-122.3015451,Seattle,"Seattle-Tacoma-Bellevue, WA",Metro,0.0,0.0,0.0
SEAHOLD,Seattle Field Office Hold Room,Seattle,WA,King,47.49050762,-122.2911876,Seattle,"Seattle-Tacoma-Bellevue, WA",Metro,124.0,0.9,51.0
SEBASAR,Sebastian County Detention Center,Fort Smith,AR,Sebastian,35.38250868,-94.42505022,New Orleans,"Fort Smith, AR-OK",Metro,263.0,1.8,13.0
SMNOLFL,Seminole County Jail,Sanford,FL,Seminole,28.74779273,-81.29824922,Miami,"Orlando-Kissimmee-Sanford, FL",Metro,327.0,1.2,5.0
SENECOH,Seneca County Jail,Tiffin,OH,Seneca,41.07935461,-83.15365924,Detroit,"Tiffin, OH",Micro,365.0,56.5,76.0
SCVMCCA,Sharp Chula Vista Medical Center,Chula Vista,CA,San Diego,32.61893561,-117.0235211,San Diego,"San Diego-Chula Vista-Carlsbad, CA",Metro,55.0,0.3,3.0
SHERBMN,Sherburne County Jail Services,Elk River,MN,Sherburne,45.3045097,-93.61927716,St Paul,"Minneapolis-St. Paul-Bloomington, MN-WI",Metro,365.0,92.3,125.0
SIOUXIA,Sioux County Jail,Orange City,IA,Sioux,43.01882741,-96.07743013,St Paul,,Rural,184.0,5.8,22.0
SNDHOLD,Snd District Staging,San Diego,CA,San Diego,32.71460715,-117.165296,San Diego,"San Diego-Chula Vista-Carlsbad, CA",Metro,340.0,9.2,56.0
SNJHOLD,Snj Hold Room,Stockton,CA,San Joaquin,37.95375697,-121.3211203,San Francisco,"Stockton-Lodi, CA",Metro,0.0,0.0,0.0
SMRVLTX,Somervell County Sheriff?s Department,Glen Rose,TX,Somervell,32.25009478,-97.75109712,Houston,,Rural,1.0,0.0,1.0
WVSCENT,South Central Regional Jail,Charleston,WV,Kanawha,38.31099591,-81.71028615,Philadelphia,"Charleston, WV",Metro,365.0,25.6,140.0
BASILLA,South Louisiana ICE Processing Center,Basile,LA,Evangeline,30.48171312,-92.58121682,New Orleans,,Rural,365.0,921.6,1005.0
STFRCTX,South Texas Family Residential Center1,Dilley,TX,Frio,28.65785369,-99.20038782,San Antonio,,Rural,365.0,445.4,1039.0
STCDFTX,South Texas ICE Processing Center,Pearsall,TX,Frio,28.89486166,-99.12126683,San Antonio,,Rural,365.0,1701.4,1870.0
WVSOUTH,Southern Regional Jail,Beaver,WV,Raleigh,37.7710578,-81.11611223,Philadelphia,"Beckley, WV",Metro,24.0,0.4,25.0
SSHNHNY,Southside Hospital Northwell Health,Bay Shore,NY,Suffolk,40.72575482,-73.24141704,New York City,"New York-Newark-Jersey City, NY-NJ",Metro,10.0,0.1,2.0
WVSWEST,Southwestern Regional Jail,Holden,WV,Logan,37.80522495,-82.09571942,Philadelphia,,Rural,37.0,1.0,23.0
SPRHONY,Spring Valley Hospital,Las Vegas,NY,Clark,36.09062745,-115.239613,Salt Lake City,"Las Vegas-Henderson-North Las Vegas, NV",Metro,1.0,0.0,1.0
BOPSPG,Springfield Federal Medical Center,Springfield,MO,Greene,37.17763662,-93.3231892,Chicago,"Springfield, MO",Metro,5.0,0.0,1.0
STCHRLA,St. Charles Parish Jail,Killona,LA,St. Charles,29.991934,-90.50261072,New Orleans,"New Orleans-Metairie, LA",Metro,0.0,0.0,0.0
STCLAMI,St. Clair County Jail,Port Huron,MI,St. Clair,42.94230557,-82.47943808,Detroit,"Detroit-Warren-Dearborn, MI",Metro,365.0,54.8,77.0
STELHOH,St. Elizabeth Youngstown Hospital,Youngstown,OH,Mahoning,41.11381376,-80.65611397,Detroit,"Youngstown-Warren, OH",Metro,16.0,0.1,2.0
STJONFL,St. John?s County Jail,Saint Augustine,FL,St. Johns,29.94029975,-81.33880221,Miami,"Jacksonville, FL",Metro,6.0,0.1,12.0
STJHCCA,St. John?s Hospital Camarillo,Camarillo,CA,Ventura,34.24360246,-119.0203184,Los Angeles,"Oxnard-Thousand Oaks-Ventura, CA",Metro,4.0,0.0,1.0
STJMCWA,St. Joseph Medical Center,Tacoma,WA,Pierce,47.24542785,-122.4478638,Seattle,"Seattle-Tacoma-Bellevue, WA",Metro,182.0,1.4,5.0
STJOSAZ,St. Joseph?s Hospital & Medical Center,Phoenix,AZ,Maricopa,33.48092072,-112.0792416,Phoenix,"Phoenix-Mesa-Chandler, AZ",Metro,25.0,0.1,1.0
STLUCFL,St. Lucie County Jail,Fort Pierce,FL,St. Lucie,27.45346523,-80.40944118,Miami,"Port St. Lucie, FL",Metro,73.0,0.4,11.0
SLHTWTX,St. Luke?s Health - the Woodlands,The Woodlands,TX,Montgomery,30.20566754,-95.45833587000001,Houston,"Houston-Pasadena-The Woodlands, TX",Metro,1.0,0.0,1.0
STMARCA,St. Mary Medical Center,Apple Valley,CA,San Bernardino,34.54189778,-117.2655742,Los Angeles,"Riverside-San Bernardino-Ontario, CA",Metro,87.0,0.5,4.0
SMARYMD,St. Mary?s County Detention Center,Leonardtown,MD,St. Mary's,38.30283319,-76.62814991,Baltimore,"Lexington Park, MD",Metro,1.0,0.0,1.0
STMARAZ,St. Mary?s Hospital,Tucson,AZ,Pima,32.22820338,-111.0000813,Phoenix,"Tucson, AZ",Metro,0.0,0.0,0.0
STGENMO,Ste. Genevieve County Detention Center,Sainte Genevieve,MO,Ste. Genevieve,37.96605377,-90.05559285,Chicago,,Rural,365.0,96.0,179.0
STWRTGA,Stewart Detention Center,Lumpkin,GA,Stewart,32.03560799,-84.77150169,Atlanta,"Columbus, GA-AL",Metro,365.0,2034.3,2290.0
STK,Stockton Staging Facility,Stockton,CA,San Joaquin,37.95375697,-121.3211203,San Francisco,"Stockton-Lodi, CA",Metro,71.0,0.6,11.0
STRAFNH,Strafford County Corrections,Dover,NH,Strafford,43.21782859,-70.94013597,Boston,"Boston-Cambridge-Newton, MA-NH",Metro,365.0,131.5,176.0
STRMONY,Strong Memorial Hospital,Rochester,NY,Monroe,43.12283219,-77.62358742,Buffalo,"Rochester, NY",Metro,9.0,0.0,1.0
SUFFONY,Suffolk County Correctional Facility,Riverhead,NY,Suffolk,40.91445158,-72.67250986,New York City,"New York-Newark-Jersey City, NY-NJ",Metro,32.0,0.1,1.0
SHMCHNV,Summerlin Hospital Medical Center,Las Vegas,NV,Clark,36.18116931,-115.3170879,Salt Lake City,"Las Vegas-Henderson-North Las Vegas, NV",Metro,10.0,0.0,1.0
SUMMIUT,Summit County Jail,Park City,UT,Summit,40.7208854,-111.479076,Salt Lake City,"Heber, UT",Micro,3.0,0.0,1.0
SUMTEFL,Sumter County Jail,Bushnell,FL,Sumter,28.66270266,-82.10976288,Miami,"Wildwood-The Villages, FL",Metro,83.0,0.4,9.0
SNTRHNY,Sunrise Hospital,Las Vegas,NY,Clark,36.13275003,-115.1358968,Salt Lake City,"Las Vegas-Henderson-North Las Vegas, NV",Metro,20.0,0.1,1.0
SUTMCCA,Sutter Medical Center Sacramento,Sacramento,CA,Sacramento,38.57280314,-121.4685018,San Francisco,"Sacramento-Roseville-Folsom, CA",Metro,3.0,0.0,1.0
SUWANFL,Suwannee County Jail,Live Oak,FL,Suwannee,30.29564082,-82.98506902,Miami,,Rural,0.0,0.0,0.0
SWEETWY,Sweetwater County Detention Center,Rock Springs,WY,Sweetwater,41.53703632,-109.3002655,Denver,"Rock Springs, WY",Micro,318.0,8.1,29.0
CCAHUTX,T Don Hutto Detention Center,Taylor,TX,Williamson,30.56495908,-97.41997489,San Antonio,"Austin-Round Rock-San Marcos, TX",Metro,365.0,425.0,479.0
THPMCTX,THOP Memorial Campus El Paso,El Paso,TX,El Paso,31.77089731,-106.5001404,El Paso,"El Paso, TX",Metro,4.0,0.0,1.0
THPSCTX,THOP Sierra Campus El Paso,El Paso,TX,El Paso,31.77760597,-106.4803796,El Paso,"El Paso, TX",Metro,26.0,0.1,1.0
THHMHTX,TX Health Harris Methodist Hospital,Cleburne,TX,Johnson,32.33174348,-97.43840728,Dallas,"Dallas-Fort Worth-Arlington, TX",Metro,21.0,0.1,2.0
THHEBTX,TX Health Methodist Hospital Heb,Bedford,TX,Tarrant,32.83543455,-97.1233219,Dallas,"Dallas-Fort Worth-Arlington, TX",Metro,2.0,0.0,1.0
TACGHWA,Tacoma General Hospital,Tacoma,WA,Pierce,47.25977776,-122.4531703,Seattle,"Seattle-Tacoma-Bellevue, WA",Metro,2.0,0.0,1.0
TALLAMS,Tallahatchie County Correctional Facility,Tutwiler,MS,Tallahatchie,34.02701222,-90.44625155000001,New Orleans,,Rural,13.0,0.0,1.0
TAYLOTX,Taylor County Adult Detention,Abilene,TX,Taylor,32.41693799,-99.73460803,Dallas,"Abilene, TX",Metro,1.0,0.0,1.0
TELLECO,Teller County Jail,Divide,CO,Teller,38.94302011,-105.1513653,Denver,"Colorado Springs, CO",Metro,1.0,0.0,1.0
THHHBTX,Tex Health Huguley Hospital,Burleson,TX,Tarrant,32.58679189,-97.31691369,Dallas,"Dallas-Fort Worth-Arlington, TX",Metro,99.0,0.7,4.0
TVMSATX,Texas Vista Medical Center,San Antonio,TX,Bexar,29.35298822,-98.54591158,San Antonio,"San Antonio-New Braunfels, TX",Metro,4.0,0.0,1.0
TITUSTX,Titus County Jail,Mount Pleasant,TX,Titus,33.15478716,-94.9709381,Dallas,"Mount Pleasant, TX",Micro,100.0,0.5,5.0
TGREETX,Tom Green County Jail,San Angelo,TX,Tom Green,31.49783364,-100.3668749,Dallas,"San Angelo, TX",Metro,232.0,1.8,15.0
TOOELUT,Tooele County Jail,Tooele,UT,Tooele,40.49319387,-112.3324999,Salt Lake City,"Salt Lake City-Murray, UT",Metro,287.0,7.1,18.0
TOORANM,Torrance County Detention Facility,Estancia,NM,Torrance,34.76767999,-106.018446,El Paso,"Albuquerque, NM",Metro,365.0,437.2,683.0
TRRMCNJ,Trinitas Regional Medical Center,Elizabeth,NJ,Union,40.65906601,-74.21475004,Newark,"New York-Newark-Jersey City, NY-NJ",Metro,166.0,1.1,3.0
BOPTCN,Tucson Federal Correctional Institution,Tucson,AZ,Pima,32.08938687,-110.8566636,Phoenix,"Tucson, AZ",Metro,0.0,0.0,0.0
TULCOOK,Tulsa County Jail,Tulsa,OK,Tulsa,36.15724099,-95.99931204,Dallas,"Tulsa, OK",Metro,365.0,70.7,184.0
TGKJLFL,Turner Guiford Knight (Tgk) Jail,Miami,FL,Miami-Dade,25.81029782,-80.31141999,Miami,"Miami-Fort Lauderdale-West Palm Beach, FL",Metro,242.0,5.9,24.0
TBRJLME,Two Bridges Regional Jail,Wiscasset,ME,Lincoln,43.97837246,-69.69871824,Boston,,Rural,324.0,13.2,25.0
BOPCAA,US Penitentiary Canaan,Waymart,PA,Wayne,41.5679172,-75.41206133,Philadelphia,,Rural,0.0,0.0,0.0
UCHUHCO,Uchealth University Hospital of County,Aurora,CO,Adams,39.74248973,-104.8416914,Denver,"Denver-Aurora-Centennial, CO",Metro,141.0,0.8,2.0
UCCHIIL,Uchicago Medicine Hospital Chicago,Chicago,IL,Cook,41.78843099,-87.60427702,Chicago,"Chicago-Naperville-Elgin, IL-IN",Metro,8.0,0.0,1.0
UCHRVIL,Uchicago Medicine Ingalls Memorial,Harvey,IL,Cook,41.60722401,-87.659354,Chicago,"Chicago-Naperville-Elgin, IL-IN",Metro,36.0,0.2,1.0
UHSHONY,Uhs Wilson Medical Center,Johnson City,NY,Broome,42.11476098,-75.95951804,Buffalo,"Binghamton, NY",Metro,24.0,0.1,1.0
UINTAWY,Uinta County Detention Center,Evanston,WY,Uinta,41.26930541,-110.9213668,Denver,"Evanston, WY-UT",Micro,278.0,16.3,52.0
UMASSMA,Umass Memorial Medical Center,Worcester,MA,Worcester,42.27756491,-71.7616715,Boston,"Worcester, MA",Metro,15.0,0.1,1.0
UNIONSD,Union County Jail,Elk Point,SD,Union,42.68584986,-96.68255716,St Paul,"Sioux City, IA-NE-SD",Metro,19.0,0.2,5.0
UHOSPIN,Union Hospital,Terre Haute,IN,Vigo,39.485422,-87.40781904,Chicago,"Terre Haute, IN",Metro,11.0,0.0,1.0
UMEMCNY,United Memorial Medical Center,Batavia,NY,Genesee,43.00508142,-78.17659681,Buffalo,"Batavia, NY",Micro,28.0,0.1,1.0
UNIHONY,Unity Hospital,Rochester,NY,Monroe,43.19192954,-77.70551541,Buffalo,"Rochester, NY",Metro,5.0,0.0,1.0
UPSLHIA,Unity Point Health St. Lukes Hospital,Cedar Rapids,IA,Linn,41.98538438,-91.6604823,St Paul,"Cedar Rapids, IA",Metro,26.0,0.1,1.0
UPSLSIA,Unitypoint Health St. Lukes Hospital Sxc,Sioux City,IA,Woodbury,42.51900551,-96.40598748,St Paul,"Sioux City, IA-NE-SD",Metro,10.0,0.0,1.0
UHGMCOH,Univ Hospital Geauga Medical Center,Chardon,OH,Geauga,41.50878585,-81.18971573,Detroit,"Cleveland, OH",Metro,35.0,0.2,1.0
UNMEDMD,Univ of Maryland Medical Center,Baltimore,MD,Baltimore,39.28810428,-76.62472205,Baltimore,"Baltimore-Columbia-Towson, MD",Metro,29.0,0.1,1.0
UCSDHCA,University California San Diego Hospital,San Diego,CA,San Diego,32.87519985,-117.2148794,San Diego,"San Diego-Chula Vista-Carlsbad, CA",Metro,15.0,0.1,1.0
UNIVHNJ,University Hospital,Newark,NJ,Essex,40.74063899,-74.19087603,Newark,"New York-Newark-Jersey City, NY-NJ",Metro,61.0,0.3,2.0
UVHSATX,University Hospital,San Antonio,TX,Bexar,29.50705674,-98.57813556,San Antonio,"San Antonio-New Braunfels, TX",Metro,150.0,1.2,5.0
UMCLVNV,University Medical Center,Las Vegas,NV,Clark,36.16038225,-115.1674545,Salt Lake City,"Las Vegas-Henderson-North Las Vegas, NV",Metro,10.0,0.1,2.0
UMCEPTX,University Medical Center of El Paso,El Paso,TX,El Paso,31.7713296,-106.4340021,El Paso,"El Paso, TX",Metro,77.0,0.5,3.0
UMIAHFL,University of Miami Hospital,Miami,FL,Miami-Dade,25.78835029,-80.21564345,Miami,"Miami-Fort Lauderdale-West Palm Beach, FL",Metro,0.0,0.0,0.0
UNMHANM,University of New Mexico Hospital,Albuquerque,NM,Bernalillo,35.08786337,-106.6185127,El Paso,"Albuquerque, NM",Metro,18.0,0.1,1.0
UPMCPPA,Upmc Presbyterian Hospital,Pittsburgh,PA,Allegheny,40.44224705,-79.96092873,Philadelphia,"Pittsburgh, PA",Metro,16.0,0.1,1.0
URSLATX,Ursula Centralized Processing Center,Mcallen,TX,Hidalgo,26.15905836,-98.27020363,Harlingen,"McAllen-Edinburg-Mission, TX",Metro,54.0,21.6,322.0
UTAHCUT,Utah County Jail,Spanish Fork,UT,Utah,40.14931516,-111.6592909,Salt Lake City,"Provo-Orem-Lehi, UT",Metro,0.0,0.0,0.0
UVACVVA,Uva Univ Hospital Center,Charlottesville,VA,Charlottesville,38.0310571,-78.49851008,Washington,"Charlottesville, VA",Metro,2.0,0.0,1.0
UVALDTX,Uvalde County Jail,Uvalde,TX,Uvalde,29.21130057,-99.78564569,San Antonio,"Uvalde, TX",Micro,1.0,0.0,1.0
VTDCORR,VT. Department of Corrections,Waterbury,VT,Washington,44.33372564,-72.75238596,Boston,"Barre, VT",Micro,0.0,0.0,0.0
VALVETX,Val Verde Detention Center,Del Rio,TX,Val Verde,29.37315993,-100.8478472,San Antonio,"Del Rio, TX",Micro,194.0,2.1,23.0
VBHOSTX,Valley Baptist Hospital,Harlingen,TX,Cameron,26.17445998,-97.67072497,Harlingen,"Brownsville-Harlingen, TX",Metro,219.0,6.8,12.0
VWHMCAZ,Valleywise Health Medical Center,Phoenix,AZ,Maricopa,33.45754045,-112.025579,Phoenix,"Phoenix-Mesa-Chandler, AZ",Metro,51.0,0.3,2.0
VCUHOVA,Vcu Health Tappahannock Hospital,Tappahannock,VA,Essex,37.90130269,-76.87888516,Washington,,Rural,1.0,0.0,1.0
VENTUCA,Ventura County Jail,Ventura,CA,Ventura,34.26848745,-119.2114051,Los Angeles,"Oxnard-Thousand Oaks-Ventura, CA",Metro,0.0,0.0,0.0
VENHOLD,Ventura Custody Case,Camarillo,CA,Ventura,34.21409975,-118.9948304,Los Angeles,"Oxnard-Thousand Oaks-Ventura, CA",Metro,9.0,0.2,49.0
VVGMCCA,Victor Valley Global Medical Center,Victorville,CA,San Bernardino,34.52817234,-117.2939222,Los Angeles,"Riverside-San Bernardino-Ontario, CA",Metro,190.0,2.2,7.0
VICTOTX,Victoria County Jail,Victoria,TX,Victoria,28.80026713,-97.0083268,Houston,"Victoria, TX",Metro,38.0,0.3,13.0
VIRBEVA,Virginia Beach,Virginia Beach,VA,Virginia Beach,36.75324963,-76.06190081,Washington,"Virginia Beach-Chesapeake-Norfolk, VA-NC",Metro,10.0,0.0,2.0
VPREGVA,Virginia Peninsula Regional Jail,Williamsburg,VA,James City,37.21660857,-76.60350921,Washington,"Virginia Beach-Chesapeake-Norfolk, VA-NC",Metro,0.0,0.0,0.0
VRK,Vrk Prcs,New York,NY,New York,40.72807334,-74.00559633,New York City,"New York-Newark-Jersey City, NY-NJ",Metro,11.0,0.1,9.0
WAKULFL,Wakulla County Jail,Crawfordville,FL,Wakulla,30.19656538,-84.37729408,Miami,"Tallahassee, FL",Metro,1.0,0.0,1.0
WALTNFL,Walton County DOC,Defuniak Springs,FL,Walton,30.7780307,-86.10312887,Miami,"Crestview-Fort Walton Beach-Destin, FL",Metro,0.0,0.0,0.0
WLTSOFL,Walton County Jail,Defuniak Springs,FL,Walton,30.78346025,-86.1039943,Miami,"Crestview-Fort Walton Beach-Destin, FL",Metro,351.0,21.1,55.0
WARDCND,Ward County Jail,Minot,ND,Ward,48.23365612,-101.2873442,St Paul,"Minot, ND",Metro,258.0,1.7,8.0
NYWASHC,Washington Correctional,Comstock,NY,Washington,43.46521437,-73.43226744,Buffalo,"Glens Falls, NY",Metro,0.0,0.0,0.0
WASHIMD,Washington County Detention,Hagerstown,MD,Washington,39.63950317,-77.76189888,Baltimore,"Hagerstown-Martinsburg, MD-WV",Metro,6.0,0.0,1.0
WAJAIMN,Washington County Jail,Stillwater,MN,Washington,45.0380172,-92.80288302,St Paul,"Minneapolis-St. Paul-Bloomington, MN-WI",Metro,0.0,0.0,0.0
WASHCUT,Washington County Jail,Hurricane,UT,Washington,37.15838619,-113.4122214,Salt Lake City,"St. George, UT",Metro,281.0,8.8,27.0
WASHIAR,Washington County Jail,Fayetteville,AR,Washington,36.03353592,-94.17746959,New Orleans,"Fayetteville-Springdale-Rogers, AR",Metro,346.0,5.4,30.0
WASHOLD,Washington Field Office,Chantilly,VA,Fairfax,38.91143006,-77.45867867,Washington,"Washington-Arlington-Alexandria, DC-VA-MD-WV",Metro,201.0,5.4,67.0
WASHONV,Washoe County Jail,Reno,NV,Washoe,39.57384441,-119.8110119,Salt Lake City,"Reno, NV",Metro,365.0,32.8,63.0
WAUKEWI,Waukesha County Jail,Waukesha,WI,Waukesha,43.02223576,-88.22965085,Chicago,"Milwaukee-Waukesha, WI",Metro,288.0,3.2,18.0
WEBCOTX,Webb County Jail,Laredo,TX,Webb,27.50796861,-99.50523886,Harlingen,"Laredo, TX",Metro,0.0,0.0,0.0
WEBERUT,Weber County Jail,Ogden,UT,Weber,41.24036286,-111.9935134,Salt Lake City,"Ogden, UT",Metro,161.0,3.1,18.0
WWDHDNH,Wentworth Douglas Hospital,Dover,NH,Strafford,43.21340901,-70.87359603,Boston,"Boston-Cambridge-Newton, MA-NH",Metro,42.0,0.2,2.0
WKBHMFL,West Kendall Baptist Hospital,Miami,FL,Miami-Dade,25.67808087,-80.45628462,Miami,"Miami-Fort Lauderdale-West Palm Beach, FL",Metro,73.0,0.6,4.0
WMDBHFL,West Miami Dade Baptist Health Emergency,Miami,FL,Miami-Dade,25.64000251,-80.42243548,Miami,"Miami-Fort Lauderdale-West Palm Beach, FL",Metro,39.0,0.2,2.0
TNWESDF,West Tennessee Detention Facility,Mason,TN,Tipton,35.40742552,-89.54861067,New Orleans,"Memphis, TN-MS-AR",Metro,179.0,138.6,445.0
WVWESTR,Western Regional Jail,Barboursville,WV,Cabell,38.418957,-82.29305146,Philadelphia,"Huntington-Ashland, WV-KY-OH",Metro,63.0,5.6,106.0
WVIRGVA,Western Virginia Regional Jail,Salem,VA,Roanoke,37.25088418,-80.17034186,Washington,"Roanoke, VA",Metro,260.0,2.8,53.0
WMLNDPA,Westmoreland County Jail,Greensburg,PA,Westmoreland,40.30276321,-79.54461724,Philadelphia,"Pittsburgh, PA",Metro,0.0,0.0,0.0
WMHOSCA,White Memorial Hospital,Los Angeles,CA,Los Angeles,34.04931669,-118.2178375,Los Angeles,"Los Angeles-Long Beach-Anaheim, CA",Metro,116.0,0.9,5.0
,Wichita County Jail,Wichita Falls,TX,Wichita,33.88454222,-98.44014177,Dallas,"Wichita Falls, TX",Metro,,,
WILSOTX,Wilson County Jail,Floresville,TX,Wilson,29.14815731,-98.15761162,San Antonio,"San Antonio-New Braunfels, TX",Metro,5.0,0.0,5.0
LAWINCI,Winn Correctional Center,Winnfield,LA,Winn,31.85046438,-92.78139171,New Orleans,,Rural,365.0,1563.4,1745.0
WOODBIA,Woodbury County Jail,Sioux City,IA,Woodbury,42.52061602,-96.35358368,St Paul,"Sioux City, IA-NE-SD",Metro,360.0,57.0,94.0
WOODFKY,Woodford County Sheriff/Jail,Versailles,KY,Woodford,38.04795649,-84.75795972,Chicago,"Lexington-Fayette, KY",Metro,17.0,0.1,4.0
WORCEMD,Worcester County Jail,Snow Hill,MD,Worcester,38.17003656,-75.37565444,Baltimore,"Ocean Pines, MD",Micro,0.0,0.0,0.0
UBRKHWV,Wvu Medicine Berkeley Medical Center,Martinsburg,WV,Berkeley,39.47649468,-77.98042649,Philadelphia,"Hagerstown-Martinsburg, MD-WV",Metro,1.0,0.0,1.0
WYATTRI,Wyatt Detention Facility,Central Falls,RI,Providence,41.8923362,-71.3840132,Boston,"Providence-Warwick, RI-MA",Metro,365.0,108.3,120.0
YAKHOLD,Yakima Sub-Office,Yakima,WA,Yakima,46.61861971,-120.558072,Seattle,"Yakima, WA",Metro,10.0,0.0,4.0
YELLOMT,Yellowstone County Jail,Billings,MT,Yellowstone,45.75579292,-108.5009179,Salt Lake City,"Billings, MT",Metro,0.0,0.0,0.0
YORCOSC,York County Detention Center,York,SC,York,34.98239828,-81.19973823,Atlanta,"Charlotte-Concord-Gastonia, NC-SC",Metro,49.0,0.2,4.0
YORCOPA,York County Prison,York,PA,York,39.98573989,-76.66609663,Philadelphia,"York-Hanover, PA",Metro,213.0,0.6,1.0
YRKHOLD,York Hold Room,York,PA,York,39.9849929,-76.75795911,Philadelphia,"York-Hanover, PA",Metro,68.0,0.3,8.0
YRMDCAZ,Yuma Regional Medical Center,Yuma,AZ,Yuma,32.68316965,-114.6334572,Phoenix,"Yuma, AZ",Metro,6.0,0.0,1.0
